experiment,R_GLCptspp,R_PGI_fwd,R_PFK,R_FBA_fwd,R_TPI_fwd,R_PGK_rev,R_GAPD_fwd,R_ENO_fwd,R_PGM_rev,R_PYK,R_PDH,R_G6PDH2r_fwd,R_PGL,R_GND,R_RPE_fwd,R_RPI_rev,R_TKT1_fwd,R_TALA_fwd,R_TKT2_fwd,R_CS,R_ACONTb_fwd,R_ACONTa_fwd,R_ICDHyr_fwd,R_SUCOAS_rev,R_AKGDH,R_SUCDi,R_FUM_fwd,R_MDH_fwd,R_PPC,R_ME2,R_ICL,R_MALS,R_ACKr_rev,R_PTAr_fwd,R_LDH_D_rev,R_ACALD_rev,R_ALCD2x_rev,R_EX_glc__D_e_rev,R_EX_o2_e_rev,R_EX_co2_e_fwd,R_EX_etoh_e,R_EX_ac_e,R_EX_lac__D_e,R_EX_succ_e,R_EX_pyr_e,R_EX_for_e,R_BIOMASS_Ec_iAF1260_core_59p81M
REF,2.9299999999999997,2.2342797650000445,2.4992899999999993,2.49929,2.4958927883333564,5.14703258833338,5.14703258833338,4.803465688333384,4.803465688333383,1.1018529966666446,3.442084396666672,0.6957202349999545,0.6957202349999545,0.6957202349999545,0.308682223333311,0.37907721166664343,0.19240841166665454,0.16763402333329797,0.11627381166665647,1.2593628300000637,1.2593628300000637,1.2593628300000637,1.2593628300000637,1.83125,1.0305439383333148,2.27075,1.2391023383333137,1.2391023383333137,0.6058250916667436,0.0,0.0,0.0,1.4330591666665882,1.433059166666588,-0.0,-0.0,-0.0,2.9299999999999997,5.79,6.203023608333222,0.0,1.549496366666588,0.0,0.0,0.0,0.0,0.2
WT_0.4h-1,5.554999999999997,3.8160684276922727,3.9895,3.9895,4.570955209230773,9.568234809230795,9.568234809230793,8.881101009230834,8.881101009230832,1.2625000000000002,6.185899409230821,1.738931572307724,1.738931572307724,1.738931572307724,0.8490251815385025,0.8739847907692215,0.5006471907692512,0.41078539076932047,0.34837799076925124,1.8237434553845162,1.823743455384516,1.823743455384516,1.823743455384516,3.03,1.3936666553845163,3.0300000000000167,1.8107834553844653,1.8107834553844653,1.1840891999999947,0.0,0.0,0.0,2.8628311538463054,2.862831153846305,-0.0,-0.0,-0.0,5.554999999999998,9.866037492307525,10.720426492307594,0.0,3.0957055538463045,0.0,0.0,0.0,0.0,0.4
WT_0.5h-1,6.629999999999998,5.403791400000092,5.768100000000004,5.768100000000003,5.715762633333382,11.648612133333403,11.648612133333403,10.78908163333343,10.78908163333343,1.4648965916666177,6.49170159166661,1.226208599999906,1.226208599999906,1.226208599999906,0.4296442333332852,0.77666236666662,0.30999036666664265,0.29189873333326843,0.11965386666664259,4.173977800000159,4.173977800000159,4.173977800000159,4.173977800000159,4.176900000000002,2.836777258333346,4.1768999999999945,3.3581732583333044,3.3581732583333044,2.2797160416668154,0.0,0.0,0.0,0.4223412916664646,0.42234129166646456,-0.0,0.1499999999999856,0.1499999999999856,6.629999999999999,13.05,13.402405708333223,0.14999999999998562,0.7134342916664663,0.0,0.0,0.0,0.13,0.5
galM,3.039999999999999,2.5940361487999883,2.4623999999999997,2.4624,2.689144916266677,5.450284716266701,5.4502847162667,5.106717816266725,5.106717816266725,0.4796172744000067,3.0756089069333385,0.44596385120001053,0.4459638512000104,0.4459638512000105,0.14217796746668823,0.29582508373332217,0.10915628373334414,0.0,0.0330216837333441,2.4423837069333416,1.7588755975999761,1.7588755975999761,1.7588755975999757,1.6112000000000002,1.5438371975999754,2.4016,1.7523955975999403,1.752395597599929,1.2755527093333856,0.0,0.0,0.0,-0.0,0.0,-0.0,1.811869000322228e-18,-0.0,3.0399999999999996,15.53,5.929870143999929,0.0,0.0,0.0,0.0,0.0,0.0,0.2
glk,3.139999999999996,2.2190726753846453,2.658995358461545,2.658995358461545,2.630823758461546,5.4919635584615225,5.4919635584615225,5.148396658461516,5.1483966584615155,1.2505644584615085,3.8007958584614805,0.9209273246153505,0.9209273246153505,0.9209273246153624,0.4588202830768995,0.4541462415384666,0.2674774415384501,0.2674774415384501,0.19134284153844935,0.8089486507693175,0.8089486507693174,0.8089486507693174,0.8089486507693173,2.6062000000000016,0.5939102507693175,2.8574000000001387,0.8024686507693253,0.8024686507693067,0.5920446000000101,0.0,0.0,-1.0308086133352286e-14,2.242184807692185,2.2421848076921846,-0.0,-1.1292781626115497e-15,-0.0,3.1399999999999966,5.48648028461545,5.9136747846154565,0.0,2.358622007692185,0.0,0.0,0.0,0.0,0.2
pgm,3.0600000000000014,2.392300914285772,2.6316000000000006,2.6316000000000006,2.635233171428603,5.416372971428618,5.4163729714286175,5.072806071428638,5.072806071428637,1.0947912999999974,3.5622438999999946,0.6676990857142283,0.6676990857142283,0.6676990857142283,0.2900014571428283,0.36973682857140006,0.18306802857141422,0.15126325714281488,0.10693342857141419,1.3181839285715253,1.318183928571525,1.3181839285715253,1.318183928571525,2.264400000000002,0.9429629571428875,2.6010000000000355,1.1515213571428586,1.1515213571428586,0.7522271714286395,0.0,0.0,0.0,1.3684214285712597,1.3684214285712597,-0.0,0.1259761428572134,-0.0,3.0600000000000014,5.790000000000002,6.12,0.0,1.4848586285712595,0.0,0.0,0.0,0.0,0.2
pfkA,2.7199999999999998,2.3725175499999875,2.3663999999999974,2.3663999999999974,2.4019720499999866,4.843111849999971,4.84311184999997,4.499544949999949,4.499544949999949,0.7634880541096015,2.8937194541096014,0.34748245000001177,0.3474824500000117,0.34748245000001177,0.0765236999999974,0.2629979500000144,0.07632914999999871,0.012585500000011128,0.00019454999999870236,2.245017201369849,1.9713154527397518,1.971315452739752,1.955838399999999,1.7407999999999995,1.7407999999999995,1.9856000000000118,1.9648354527397809,1.9803125054795332,0.850269295890346,0.0,0.0154770527397523,0.0154770527397523,-0.0,0.0,-0.0,-0.0,-0.0,2.72,9.56,6.468708308219259,0.0,0.0,0.0,0.0,0.0,0.0,0.2
pfkB,2.891902427777848,2.2228895611111295,2.1868,2.1868,2.466697672222264,5.0797399000000985,5.079739900000098,4.736173000000077,4.736173000000077,0.7783690999999628,3.388572200000075,0.669012866666718,0.6690128666667181,0.669012866666718,0.2908773111111358,0.37017475555558227,0.18350595555556792,0.1835059555555679,0.10737135555556787,1.31277756666659,1.31277756666659,1.31277756666659,1.3127775666665897,1.2211999999999996,1.09773916666659,1.9312,1.3062975666666163,1.3062975666666166,0.5920446000000011,0.0,0.0,0.0,1.3261322333334846,1.3261322333334844,-0.0,2.0861911869808605e-33,-0.0,2.891902427777848,5.829999999999999,6.257194499999969,0.0,1.4425694333334849,0.0,0.0,0.0,1.3738300529193535e-19,0.2
fbp,2.769124650000193,2.224778450000067,2.349,2.349,2.3854754500001643,4.875739900000306,4.875739900000305,4.5321730000002525,4.532173000000253,1.005216150000056,3.184572200000186,0.5443462000001267,0.5443462000001267,0.5443462000001817,0.20776620000009796,0.328619200000084,0.14195040000004902,0.07730334999988685,0.06581580000004898,1.5621108999997904,1.56211089999979,1.56211089999979,1.5621108999997995,1.2420808999998,1.3470724999997998,1.9709999999999832,1.5556308999998731,1.5556308999998731,0.5920445999999904,0.0,-9.391813263946924e-15,0.0,0.8727989000003988,0.8727989000003987,-0.0,1.3817978419764161e-15,-0.0,2.7691246500001947,6.0,6.427194499999988,0.0,0.9892361000003986,0.0,0.0,0.0,0.0,0.2
fbaB,2.759999999999999,2.342517549999998,2.2908,2.2908000000000004,2.418638716666664,4.89977851666666,4.899778516666659,4.556211616666659,4.556211616666658,0.7707475267123399,2.9973267600456657,0.41748245000000067,0.41748245000000067,0.4174824500000006,0.12319036666666543,0.2863312833333347,0.09966248333333283,0.0,0.023527883333332587,2.25177519223744,1.928164767808228,1.9281647678082283,1.8158384000000005,1.6008,1.6008000000000002,1.9596000000000002,1.9216847678082263,2.034011135616454,0.8033286566209873,0.0,0.11232636780822766,0.11232636780822766,-0.0,0.0,-0.0,-0.0,-0.0,2.7599999999999993,8.08,6.409256253424685,0.0,0.0,0.0,0.0,0.0,0.0,0.2
gapC,2.989999999999997,1.9135999999999973,2.392,2.392,2.4289549333333462,5.139960933333358,5.139960933333358,4.785061733333383,4.785061733333383,1.2578767833337277,3.766393966667456,1.0764,1.0764,1.0764000000000007,0.5624241333333428,0.5060150666666587,0.3193462666666715,0.31934626666667143,0.24307786666667144,2.4621095166670743,2.1199833000007615,2.1199833000007615,0.7504441499996123,1.3754,0.5354057499996122,2.302300000000006,2.302299999999993,2.930200000000001,0.30627081666630657,0.0,1.3695391500011496,0.6279000000000079,-0.0,0.0,-0.0,-0.0,-0.0,2.9900000000000007,6.789999999999998,6.139999999999996,0.0,-9.075726901984169e-18,0.0,0.0,0.0,0.010000000000000002,0.2
gpmA,2.7000000000000006,2.346117550000009,2.3220000000000005,2.3220000000000005,2.379838716666669,4.80097851666667,4.800978516666669,4.457411616666674,4.457411616666674,0.7037097009132353,2.899951417579905,0.353882449999998,0.353882449999998,0.353882449999998,0.08079036666666634,0.26513128333333175,0.07846248333333329,0.07846248333333329,0.002327883333333044,2.2287834114155247,1.9809812061643786,1.9809812061643788,1.9430384000000005,1.7280000000000002,1.7280000000000006,1.944,1.974501206164374,2.012444012328752,0.8019039990867668,0.0,0.03794280616437838,0.03794280616437838,3.5084477716580516e-15,0.0,-0.0,-0.0,-0.0,2.6999999999999997,6.71,6.504105568493142,0.0,3.98424410997105e-15,0.0,0.0,0.0,0.0,0.2
gpmB,3.4324558053030727,2.214573355303054,2.8524661219697185,2.8524661219697185,2.8242945219697164,5.977890127272773,5.977890127272773,5.634323227272747,5.634323227272747,1.4440352219696715,4.286722427272743,1.2178824500000178,1.2178824500000178,1.2178824500000176,0.6567903666666641,0.5531312833333517,0.3664624833333321,0.3664624833333321,0.2903278833333321,0.21503839999999994,0.2150383999999999,0.2150383999999999,0.21503839999999988,2.9637,0.0,3.230099999999995,0.20855840000003587,0.20855840000003595,0.592044600000002,0.0,0.0,7.17320724107759e-17,3.3220216272727447,3.3220216272727443,-0.0,-0.0,-0.0,3.432455805303073,5.081541477272795,5.508735977272751,0.0,3.4384588272727448,0.0,0.0,0.0,0.0,0.2
pykA,2.819999999999997,2.4058175500000196,2.3688,2.3688,2.479738716666696,5.020878516666728,5.020878516666727,4.677311616666775,4.677311616666774,0.7301406773972245,3.00091991073058,0.41418244999997766,0.41418244999997766,0.41418244999997766,0.12099036666667219,0.285231283333305,0.09856248333333628,0.0,0.02242788333333591,2.2955395757991215,1.8945935349314635,1.8945935349314638,1.8224384000000002,1.6074000000000002,1.6074000000000002,2.086800000000001,1.888113534931402,1.9602686698628657,0.9208355059361947,0.0,0.07215513493146325,0.07215513493146324,-0.0,0.0,-0.0,-0.0,-0.0,2.82,7.17,6.30524255479438,0.0,1.1798444972579418e-16,0.0,0.0,0.0,0.0,0.2
pykF,2.8,2.3201124850000805,2.1,2.1000000000000005,2.437837028333373,4.958976828333392,4.958976828333391,4.615409928333417,4.615409928333417,0.7021421799999022,3.155139236666628,0.47988751499991844,0.47988751499991844,0.4798875149999184,0.16479374333329136,0.3071329716666282,0.12046417166664601,0.0,0.044329571666645376,1.6938070700001375,1.6938070700001373,1.6938070700001373,1.6938070700001373,1.2638859783333494,1.3688775783333493,1.792,1.5774359783333147,1.5774359783333147,0.7019356916667872,0.0,0.0,0.0,0.7116697666664905,0.7116697666664904,-0.0,-0.0,-0.0,2.8,6.06,6.376913008333255,0.0,0.8281069666664904,0.0,0.0,0.0,0.0,0.2
ppsA,2.9999999999999996,2.5674761487999995,2.46,2.4600000000000004,2.6536249162666627,5.374764716266665,5.3747647162666645,5.031197816266674,5.031197816266674,0.5239372743999988,3.0512889069333315,0.43252385119999975,0.43252385119999975,0.43252385119999975,0.13321796746666786,0.291345083733332,0.10467628373333412,0.0,0.02854168373333397,2.41806370693333,1.7857555975999986,1.7857555975999986,1.785755597599998,2.3699999999999997,1.5707171975999972,2.37,1.7792755975999857,1.7792755975999857,1.2243527093333413,0.0,0.0,0.0,-0.0,0.0,-0.0,-0.0,-0.0,3.0,9.95,5.997070143999996,0.0,0.0,0.0,0.0,0.0,0.0,0.2
zwf,3.1800000000000037,2.8331012000000184,2.8903382000000195,2.89033820000002,2.8621666000000214,5.763306400000043,5.763306400000042,5.419739500000064,5.419739500000064,0.37569077199997164,2.965922171999978,0.3468987999999823,0.3468987999999823,0.3468987999999823,0.07613460000000001,0.2628033999999823,0.07613460000000001,0.07613460000000001,0.0,2.332696971999975,1.9570057000000192,1.9570057000000194,1.9570057000000152,2.1624,1.741967300000015,3.021000000000013,1.9505256999999836,1.2200004439998458,1.6982611280000928,0.0,0.0,0.0,4.518455463499006e-15,0.0,-0.0,3.1954263002365994e-18,-0.0,3.1800000000000037,8.76,5.694670143999907,0.0,4.093152832794859e-15,0.0,0.0,0.0,0.0,0.2
pgl,3.322225599359011,2.6208,2.8896,2.8896,2.8896,5.812800000000001,5.8128,5.4432,5.4432,1.713600000000001,4.401599999999998,0.672,0.672,0.6719999999999995,0.2687999999999999,0.39523919999999957,0.17253419999999994,0.17253419999999997,0.09626579999999996,2.9568,2.9568,2.9568,2.452799999999999,2.184,2.1840000000000006,2.688,2.688,3.1584,1.1086655333333122,0.0,0.5040000000000009,0.5040000000000001,-0.0,0.0,-0.0,-0.0,-0.0,3.36,11.87,7.09,0.0,0.0,0.0,0.0,0.0,0.0,0.2
gnd,2.919999999999999,2.430279764999978,2.582731054999989,2.582731054999989,2.5545594549999944,5.195699254999989,5.1956992549999885,4.852132354999982,4.852132354999982,0.9371863300000134,3.267417730000013,0.48972023500002104,0.48972023500002104,0.4897202350000211,0.17134889000001058,0.31041054500001075,0.12374174500000529,0.1237417450000053,0.04760714500000528,1.6713628299999637,1.6713628299999634,1.6713628299999634,1.6713628299999634,2.482000000000001,1.219210604999991,2.949200000000002,1.4277690050000016,1.4277690050000016,0.8291584249999704,0.0,0.0,0.0,0.8463925000000494,0.8463925000000494,-0.0,-0.0,-0.0,2.9199999999999995,6.01,6.199690275000019,0.0,0.9628297000000493,0.0,0.0,0.0,0.0,0.2
rpe,3.4965295000000003,3.3395999999999972,3.339599999999997,3.339599999999997,3.3395999999999995,6.5703000000000005,6.5703000000000005,6.279899999999997,6.279899999999996,2.5410000000000093,5.553900000000001,0.254100000000001,0.25410000000000055,0.3468988000000018,0.0761346,0.26280340000000135,0.0761346,0.0363,0.0,3.9480414571428506,3.948041457142868,3.9480414571428684,1.120821228571421,3.1581000000000103,0.5930872857142835,3.811500000000006,3.8115000000000103,4.428599999999998,0.5125994285714109,0.0,2.8272202285714467,0.6170999999999947,-0.0,0.0,-0.0,0.05,0.049999999999999996,3.63,8.04,6.320000000000011,0.049999999999999996,-9.075726901984169e-18,0.0,0.0,0.0,0.010000000000005638,0.2
rpiB,4.087899699999999,2.1165000000000003,3.2785000000000006,3.2785,3.2785000000000024,7.0135000000000005,7.0135000000000005,6.723,6.723,2.158,5.7269999999999985,1.9919999999999998,1.992,1.9857637999999755,1.162,0.8158029999999755,0.6191342,0.6191342,0.5428658,4.162827611180131,4.162827611180131,4.162827611180131,2.486374427329256,3.9424999999999994,1.7019896385093805,4.316,4.315999999999999,4.647999999999999,1.620481166459649,0.0,1.676453183850874,0.3320000000000001,-0.0,0.0,-0.0,-0.0,0.01,4.15,15.52,6.99,0.01,0.0,0.0,0.01,0.0,0.0,0.2
tktA,4.4451,3.5022,3.5471000000000004,3.5471,3.5471,7.677900000000001,7.6779,7.3636,7.3636,2.1552000000000002,6.6003,0.9428999999999996,0.9428999999999996,0.359200000000003,0.0842908000000072,0.2669483999999958,0.08027960000000361,0.08027960000000363,0.004011200000003583,4.574198820000009,4.574198820000008,4.574198820000008,4.574198820000008,5.522699999999999,2.38614702000001,5.522699999999999,5.522699999999987,5.5226999999999915,3.478521420000013,0.0,0.0,0.0,-0.0,0.0,-0.0,-0.0,-0.0,4.49,9.0,7.57,0.0,0.0,0.0,0.0,0.0,0.0,0.2
tktB,2.970000000000001,2.5839000000000008,2.613600000000003,2.613600000000003,2.6390995333333342,5.330239333333339,5.330239333333338,4.986672433333332,4.986672433333332,0.6043590386666667,2.984590438666666,0.38609999999999994,0.3861,0.38609999999999933,0.10226873333333522,0.2758704666666641,0.08920166666666764,0.035530533333334474,0.01306706666666758,2.3513652386666646,1.8786033000000026,1.8786033000000026,1.8786033000000026,2.4947999999999997,1.6635649000000037,2.4948,1.8721232999999613,1.6904040439999606,1.2465257946666652,0.0,1.7466655896833816e-20,0.0,-0.0,0.0,-0.0,-0.0,-0.0,2.970000000000001,12.21,6.047470144000025,0.0,9.093118535832573e-17,0.0,0.0,0.0,0.0,0.2
talB,2.891099699999996,2.5284,2.5872,2.5872,2.5871999999999997,5.144999999999999,5.144999999999998,4.851,4.851,1.2054000000000002,3.557399999999998,0.3822,0.3822,0.3650637999999975,0.08819999999999999,0.2689029999999976,0.08223420000000066,0.08223420000000067,0.005965799999999314,2.59417667950311,2.5941766795031094,2.5941766795031094,2.434405483229806,2.381400000000001,1.9433697627329216,2.4402,2.4402000000000075,2.4990000000000028,0.9763339614906789,0.0,0.1597711962733041,0.058799999999998624,-0.0,0.0,-0.0,-0.0,-0.0,2.94,10.99,6.81,0.0,0.0,0.0,0.0,0.0,0.0,0.2
