glucose_uptake,oxygen_uptake,EX_nh4_e_flux,EX_pi_e_flux,Biomass_Ecoli_core_flux
3.81,23.77,-1.6713744084759259,-1.127583083271052,0.30651672690652976
7.35,15.01,-3.2520705002670454,-2.1939905643582143,0.5964037742567208
1.64,3.98,-0.44199119231273454,-0.29818680295644007,0.08105765704092117
0.68,21.67,-0.10165267344233304,-0.0685793885329159,0.01864228899690679
6.05,17.73,-2.790992553512479,-1.88292699284888,0.5118457587867663
8.34,5.39,-1.9364269056726477,-1.3063992183645197,0.3551252394499414
1.9,4.67,-0.5934475826300941,-0.4003659811878867,0.10883355021825379
3.11,13.17,-1.3214937381520147,-0.8915381115279849,0.2423514044439582
4.38,7.35,-1.5497507413281326,-1.0455303792773682,0.28421191705694926
6.16,3.57,-1.217117917085945,-0.8211215671919061,0.2232097119068996
2.99,9.22,-1.2615141946679145,-0.8510732592291769,0.23135163487894564
4.62,19.65,-2.0762363269936133,-1.4007208362880033,0.3807651714703665
2.08,12.9,-0.8066693232468165,-0.5442147959631943,0.1479367156775999
5.96,1.26,-0.7304821340853211,-0.49281554919667037,0.1339645932521496
6.11,4.35,-1.3579250459489016,-0.9161162827413742,0.2490326155276009
0.74,23.73,-0.13206159284815824,-0.0890945902308143,0.024219042115639598
9.66,20.23,-4.483748914087553,-3.0249352865049195,0.8222837650542022
3.12,2.53,-0.5056041058426546,-0.3411028873539081,0.09272375767360842
6.87,11.06,-2.6374829990618953,-1.7793626593032728,0.48369333169415646
1.31,12.43,-0.42094632720350644,-0.283989006360678,0.07719819674360108
2.66,16.6,-1.0965704500866382,-0.7397949154074424,0.20110226857516067
3.19,13.05,-1.3614801004747463,-0.9185146797271999,0.24968458415396622
5.51,4.7,-1.3136256207874522,-0.8862299316297503,0.24090845451647822
9.7,19.4,-4.389870986204891,-2.9616010851217616,0.8050673023409796
9.4,22.38,-4.465421475776952,-3.012570786190672,0.8189226591433678
6.02,23.05,-2.775997667641455,-1.8728107797741596,0.5090958163955135
0.98,4.98,-0.253697270471464,-0.17115539702233834,0.04652605459057073
0.55,8.2,-0.035766681396376676,-0.02412978485417381,0.006559323906319082
3.95,6.86,-1.3807704711393423,-0.9315288167877641,0.25322228417314824
8.3,8.98,-2.566413364353175,-1.73141594106621,0.4706597279110156
2.88,13.61,-1.2065329464741528,-0.8139804779552501,0.22126851277768367
1.5,20.07,-0.5167681964069974,-0.3486346765189231,0.09477116278003916
0.84,24.67,-0.18274312519120342,-0.12328659306060134,0.033513630646860956
7.75,5.05,-1.7716985037943722,-1.1952661542525491,0.32491536527919096
7.1,18.25,-3.315813558998361,-2.2369944504634773,0.6080937424806268
7.74,1.94,-1.1595913166133271,-0.78231157871654,0.21265979251271414
3.65,2.99,-0.6810298294819839,-0.4594528377558949,0.12489543527765261
8.64,15.62,-3.651364620194628,-2.4633720342411394,0.6696311289969611
3.38,1.68,-0.38441660053353605,-0.25934443742346824,0.07049893642413683
3.18,8.2,-1.3557363570373013,-0.9146396964189286,0.24863122744962213
7.32,15.98,-3.3659757194313435,-2.270836062036375,0.617293082348765
8.88,11.86,-3.1795174085876097,-2.145043040451025,0.5830981163049482
1.28,17.86,-0.4057418675005954,-0.2737314055117397,0.0744098201842348
7.63,14.08,-3.2057573891782662,-2.162745691675862,0.5879103193181975
7.73,12.4,-3.0205049448231467,-2.0377662009464483,0.5539364995641047
5.28,10.75,-2.2006377079812434,-1.4846475088671154,0.40357939186862646
3.21,12.76,-1.371476691055431,-0.9252588217770134,0.25151787908146833
9.08,6.31,-2.2315097101326415,-1.505475126662413,0.4092410706669312
4.16,18.91,-1.8463147436378888,-1.2456055691425993,0.338599388137817
2.37,2.02,-0.2823350030289566,-0.19047567775137436,0.051777986177552214
2.97,4.11,-0.7589968177661303,-0.512052815712354,0.13919395865722767
9.3,20.22,-4.392374397615098,-2.9632899971586464,0.8055264080133326
6.37,21.8,-2.9509380028034187,-1.9908332656456966,0.5411784776268005
8.06,4.75,-1.7643000696128548,-1.1902748433987553,0.3235585514988364
8.94,13.53,-3.464860470134413,-2.3375480874932975,0.6354277564066926
8.09,22.41,-3.8106447927421887,-2.570829481928676,0.6988418413919808
3.25,2.84,-0.583571094126801,-0.3937028653103461,0.10702228105318391
2.36,10.73,-0.9466215913763856,-0.6386327846604204,0.1736028446626292
8.2,21.53,-3.8656260409359473,-2.6079222632026213,0.7089249634932419
4.23,5.63,-1.251606425561427,-0.8443890400735069,0.22953462910090744
1.29,8.51,-0.4108100207348994,-0.27715060579472756,0.07533927903735681
9.43,8.15,-2.61957267454692,-1.7672795624001887,0.4804087211243619
5.24,17.61,-2.386130634994801,-1.6097892398319045,0.43759731422293163
3.7,24.3,-1.6163931602821744,-1.0904903019971575,0.29643360480526976
9.63,6.37,-2.3396003075265774,-1.5783978233747382,0.42906402353407025
5.02,7.59,-1.7389001023373434,-1.173138902301296,0.3189004002232512
2.92,1.02,-0.1784683510725194,-0.12040264141184633,0.03272967119140981
6.13,12.62,-2.647496644702715,-1.7861183074508122,0.48552975438356666
0.61,7.04,-0.06617560080220193,-0.044644986552056745,0.012136077025051834
9.09,6.07,-2.1907542389841117,-1.4779796836397467,0.4017668425366991
1.53,12.29,-0.5317630822780225,-0.35875088959362883,0.09752110517129228
9.86,6.13,-2.33413049004237,-1.574707642627452,0.4280609026632869
6.75,19.06,-3.140873223836398,-2.1189719645919514,0.5760110812493394
2.45,18.23,-0.9916062489894606,-0.6689814238845126,0.1818526718363888
3.74,15.84,-1.6363863414435416,-1.1039785860967528,0.30010019466027404
6.37,13.44,-2.810218386365988,-1.895897589848271,0.5153716230864855
0.99,20.9,-0.25876542370576805,-0.17457459730531263,0.047455513443693025
3.28,4.74,-0.9255626563731735,-0.62442549589202,0.16974080405904743
0.5,14.81,-0.010425915224852566,-0.007033783439280036,0.0019120296407080252
6.81,0.51,-0.7244425959779623,-0.48874100972419027,0.13285699016614627
5.17,5.74,-1.4376640112395074,-0.9699117147422923,0.26365610534762096
6.49,4.44,-1.441207965252421,-0.9723026228312388,0.26430603822851034
6.94,9.73,-2.4583227669592524,-1.6584932443539147,0.45083677504387715
9.37,3.52,-1.7404438940887772,-1.174180412482454,0.31918351930912153
3.48,2.93,-0.6402743583334533,-0.431957394733212,0.11742120714742031
9.25,21.95,-4.39044704642183,-2.9619897208171775,0.8051729471871022
2.65,16.53,-1.0915721547962949,-0.7364228443825356,0.20018562111140978
8.19,13.92,-3.3259211368680726,-2.2438134694462675,0.6099473915911227
5.34,6.12,-1.5351227465946946,-1.0356616871878461,0.2815292595720901
1.02,22.44,-0.27396988340868256,-0.1848321981542486,0.05024389000305931
9.01,15.86,-3.774031779294639,-2.5461287240483927,0.6921273069422389
3.46,8.8,-1.4964340733139725,-1.009560597399523,0.27443406567524464
7.29,22.44,-3.410781169514852,-2.3010637999365904,0.6255100442918964
8.88,19.52,-4.1996117190293685,-2.833243770318607,0.770175271242182
6.46,2.2,-0.9980336722414243,-0.6733176478276152,0.18303140996211467
1.7,22.47,-0.6167341022138279,-0.4160760970169476,0.11310411205505998
6.1,0.33,-0.5711893165036704,-0.3853495706099607,0.10475156185880109
1.1,16.62,-0.3145151092831175,-0.21218580041810128,0.05767956082803667
5.53,17.33,-2.5310811984147055,-1.7075792995540326,0.46418009067171173
6.55,5.68,-1.6715649760919475,-1.1277116486116097,0.30655167548634615
7.15,6.01,-1.8363588376925317,-1.2388888747468414,0.33677355444772084
3.32,18.69,-1.4264579392491892,-0.9623516030509152,0.26160100118272966
6.53,21.25,-3.0309107274488816,-2.044786402044145,0.5558448370468169
6.61,14.25,-2.971688422324165,-2.004832416227218,0.5449839389532287
1.03,9.26,-0.2790380366429862,-0.18825139843722777,0.05117334885618139
2.73,6.18,-0.9902382911474734,-0.668058539033925,0.18160179928614179
9.73,9.89,-2.9810559838643313,-2.0111521874709855,0.5467018749751192
8.93,15.82,-3.748997665192598,-2.5292396036795215,0.6875362502187132
7.97,12.62,-3.108124344180294,-2.0968781222374147,0.570005198096446
5.81,12.36,-2.5348431312435182,-1.7101172657910637,0.46486999912769944
2.03,18.09,-0.7816778467951048,-0.5273544408386768,0.14335347835884463
2.88,0.71,-0.11097651272275862,-0.07486966280684564,0.020352206705318173
6.49,4.51,-1.4536118042976283,-0.9806708011424771,0.266580803311625
9.41,23.85,-4.4704197710672995,-3.015942857215643,0.8198393066071189
9.16,9.32,-2.7790506051281314,-1.8748704264020477,0.509655700764402
4.34,24.17,-1.936284058864045,-1.3063028475908136,0.355099042485337
9.64,21.34,-4.585380562745157,-3.0935004907883408,0.8409221982733931
3.02,9.69,-1.2765090805389385,-0.861189472303884,0.23410157727019854
8.53,7.99,-2.431743111862384,-1.6405614336869376,0.4459622784372038
1.78,13.96,-0.6567204645365645,-0.4430526652161635,0.12043729176506836
9.37,17.43,-4.060672385763029,-2.7395091522715647,0.744694906426612
5.74,2.52,-0.9412620140322211,-0.6350169767862927,0.1726199409536798
6.19,24.75,-2.86096868757725,-1.9301359871974948,0.5246788232792781
1.49,13.01,-0.5117699011166555,-0.3452626054940277,0.09385451531628808
8.79,18.55,-4.055665562942622,-2.7361313281978066,0.743776695081907
7.0,17.59,-3.2658306060949376,-2.2032737402144553,0.5989272678431156
3.66,7.41,-1.377015354024036,-0.9289954487324399,0.25253362566461934
8.11,20.27,-3.820641383322867,-2.5775736239784726,0.7006751363194822
8.68,22.84,-4.105544214872355,-2.769781672397812,0.752924041753293
5.16,12.59,-2.346144272672067,-1.5828126716326585,0.4302641345129231
8.0,16.28,-3.5737588664782978,-2.4110157610977376,0.6553988531540308
7.05,19.92,-3.290822082546649,-2.2201340953389677,0.6035105051618714
8.91,8.52,-2.5929930194500552,-1.7493477517332252,0.4755342245176892
3.82,2.44,-0.6066716028844196,-0.4092874900108098,0.11125872998907349
5.82,0.99,-0.6542329654798891,-0.44137448835658416,0.11998110429135292
4.71,13.61,-2.121220984606692,-1.4310694755121496,0.3890149986441265
2.94,14.81,-1.2365227182162044,-0.834212904104684,0.22676839756019018
8.24,9.07,-2.571729295372559,-1.7350023031996473,0.47163462723235017
1.36,13.1,-0.4462870933750296,-0.30108500777558544,0.08184549100921168
7.72,5.47,-1.8416747687119068,-1.242475236880222,0.33774845376905577
6.27,2.23,-0.972365635285133,-0.6560008550695884,0.17832409684659867
0.61,13.33,-0.06617560080220224,-0.044644986552060326,0.012136077025051845
5.45,15.97,-2.4910948360919756,-1.6806027313548109,0.4568469109617035
7.29,24.4,-3.410781169514852,-2.3010637999365904,0.6255100442918964
5.21,8.14,-1.8564186390781567,-1.252422103795617,0.3404523619201433
7.97,6.84,-2.1287350437580814,-1.4361387920834863,0.39039301712112773
4.45,2.05,-0.634755455083649,-0.42823409855784056,0.11640908433899083
8.38,17.43,-3.8128346561528037,-2.572306860620154,0.6992434448637039
4.15,4.42,-1.0230213917283608,-0.6901754683375606,0.18761395828351668
1.65,6.33,-0.5917426257621226,-0.3992157418924361,0.10852087473630481
5.54,17.89,-2.5360794937050497,-1.7109513705789412,0.4650967381354627
6.64,7.07,-1.9338175730477158,-1.3046388471923636,0.35464670867218984
9.55,18.47,-4.235911184477331,-2.857732994853409,0.7768323034912948
5.59,15.33,-2.5610709701567558,-1.7278117257034147,0.46967997545421847
4.25,6.27,-1.3685569079876465,-0.923289007008161,0.2509824141702698
3.62,18.97,-1.5764067979594394,-1.0635137337979281,0.2891004250952611
8.57,17.62,-3.8841818813436224,-2.6204408536712878,0.7123279565257524
4.79,2.54,-0.7874047807472009,-0.5312180837248164,0.14440375233773514
4.97,11.89,-2.251176662155574,-1.5187433221595776,0.4128478327016531
1.81,10.9,-0.6717153504075899,-0.4531688782908668,0.12318723415632155
4.05,15.43,-1.791333495444135,-1.208512787868678,0.32851626603655654
6.39,1.23,-0.7960111225501897,-0.5370243024731142,0.14598208673529012
3.81,15.68,-1.6713744084759314,-1.1275830832710463,0.3065167269065309
5.08,21.43,-2.306157910349331,-1.5558361034335184,0.4229309548029144
6.62,4.16,-1.409326217352705,-0.9507937859036745,0.2584591801189674
0.8,16.1,-0.16247051225398668,-0.10960979192868646,0.029795795234372497
9.41,14.43,-3.6951743198732068,-2.4929279948866023,0.6776654782631321
3.94,16.12,-1.736352247250376,-1.171420006594753,0.31843314393529526
4.64,13.69,-2.0862329175742973,-1.4074649783378446,0.38259846639786865
9.42,9.71,-2.894229110547897,-1.9525749392921627,0.5307785193933205
9.62,22.64,-4.5753839721644685,-3.0867563487385326,0.8390889033458901
2.04,1.83,-0.19019219869314768,-0.12831206743920842,0.034879731274418235
1.03,17.11,-0.27903803664298354,-0.18825139843723887,0.05117334885618097
0.8,8.04,-0.16247051225398565,-0.10960979192868445,0.02979579523437238
8.46,0.68,-1.0318550856426392,-0.696135068873507,0.18923398724373522
8.16,7.12,-2.212017963061604,-1.4923251321733346,0.4056664398220373
1.27,17.45,-0.40067371426628917,-0.2703122052287689,0.07348036133111252
6.33,21.95,-2.9309448216420466,-1.9773449815460982,0.5375118877717957
7.38,20.11,-3.455765827127927,-2.3314124391607067,0.6337598714656558
2.89,4.52,-0.8174720589792431,-0.551502799179685,0.1499178511919094
7.53,20.19,-3.5307402564830555,-2.381993504534202,0.647509583421922
9.91,10.37,-3.098006466290557,-2.0900521544056523,0.5681496600444832
3.78,19.43,-1.6563795226049076,-1.1174668701963435,0.3037667845152781
3.47,23.28,-1.5014323686043154,-1.0129326684244138,0.27535071313899573
8.6,10.78,-2.938528535709344,-1.982461290403828,0.5389026804044426
7.53,18.89,-3.5307402564830555,-2.3819935045342224,0.647509583421922
1.12,22.57,-0.32465141575172546,-0.21902420098406145,0.05953847853428066
5.1,20.68,-2.316154500930015,-1.562580245483289,0.4247642497304166
3.27,22.4,-1.4014664627974807,-0.9454912479264093,0.2570177638639746
3.95,0.37,-0.22195302544551876,-0.14973932561371422,0.04070441341063653
9.06,2.37,-1.4632290949609048,-0.98715905069554,0.26834453766155103
3.26,23.76,-1.3964681675071384,-0.9421191769015139,0.2561011164002235
9.51,14.38,-3.7139499054497347,-2.5055948351632393,0.681108770805776
6.36,11.27,-2.5360948369486214,-1.7109617218095117,0.46509955196387576
3.0,8.28,-1.2665124899582552,-0.8544453302540594,0.23226828234269653
6.76,18.83,-3.1458715191267403,-2.1223440356168557,0.5769277287130907
7.94,19.76,-3.7356703633870634,-2.5202484165551247,0.6850921294357146
1.0,12.41,-0.2638335769400727,-0.17799379758829248,0.048384972296815
0.67,13.78,-0.09658452020802924,-0.06516018824993831,0.01771283014378471
4.47,22.2,-2.0012618976384866,-1.3501397709145175,0.3670154595141006
3.57,3.01,-0.6703979674432377,-0.4522801134891077,0.12294563663498348
1.52,19.06,-0.5267647869876799,-0.35537881856873726,0.09660445770754111
6.22,2.62,-1.040612415898314,-0.7020431511086132,0.19084001171844087
0.93,17.55,-0.22835650429994175,-0.1540593956074301,0.041878760324960025
0.82,20.56,-0.1726068187225944,-0.1164481924946454,0.03165471294061665
7.09,2.13,-1.0889287207572016,-0.7346394668884828,0.19970083640647043
0.94,24.67,-0.23342465753424727,-0.15747859589041097,0.042808219178082314
3.81,9.33,-1.6548940205567115,-1.116464684826513,0.3034943552957585
8.15,23.69,-3.840634564484235,-2.5910619080780686,0.7043417261744868
9.86,18.86,-4.362333460692642,-2.9430230527160717,0.8000171399451005
3.82,2.18,-0.5556375058772172,-0.3748576314683309,0.10189948391234217
7.79,14.0,-3.2357983261007255,-2.1830126361184465,0.5934195873864287
4.3,22.67,-1.9162908777026808,-1.2928145634911852,0.3514324526303331
1.2,12.37,-0.36519664162616056,-0.24637780324789896,0.06697414935925775
0.66,3.06,-0.0713077962082702,-0.048107392516023785,0.013077280701340607
1.26,16.27,-0.39560556103198663,-0.2668930049457849,0.07255090247799058
7.49,14.63,-3.2395534432160247,-2.18554600417378,0.5941082458949578
9.63,9.43,-2.8818252715026977,-1.9442067609809581,0.5285037543102059
2.93,21.73,-1.231524422925864,-0.8308408330797507,0.22585175009643924
2.31,24.08,-0.9216301149246757,-0.6217724295359127,0.16901960734387397
0.53,22.29,-0.025630374927767718,-0.017291384288218633,0.004700406200074767
5.32,24.82,-2.4261169973175334,-1.6367658080311018,0.4449304939329399
0.83,13.89,-0.1776749719568989,-0.11986739277762888,0.0325841717937388
9.7,13.13,-3.5498606029373168,-2.394892935744115,0.6510161023579295
6.33,17.42,-2.930944821642047,-1.9773449815460902,0.5375118877717958
4.6,15.73,-2.066239736412929,-1.393976694238231,0.37893187654286414
5.88,22.54,-2.706021533576669,-1.8256017854255644,0.4962627519029984
0.55,7.1,-0.03576668139637676,-0.024129784854174555,0.006559323906319098
9.51,22.27,-4.520402723970714,-3.0496635674646027,0.8290057812446296
4.61,15.54,-2.0712380317032713,-1.3973487652631378,0.3798485240066154
2.85,4.78,-0.8450404293556245,-0.5701016408946971,0.15497367028969058
4.69,8.9,-1.8213708793352934,-1.2287773352792541,0.33402488250720686
5.88,2.04,-0.8702974412707266,-0.587141137984631,0.15960560469313648
9.75,24.66,-4.640361810938916,-3.1305932720622667,0.8510053203746549
7.01,13.45,-2.971688422324165,-2.004832416227224,0.5449839389532287
3.16,20.36,-1.3464852146037207,-0.9083984666524989,0.24693464176271315
6.88,4.15,-1.4505460649354476,-0.9786025178033237,0.2660185711809434
9.12,20.58,-4.325469207647388,-2.9181527974934895,0.7932565301583389
9.5,18.17,-4.185842956273245,-2.8239547541157815,0.7676501900442426
6.17,10.51,-2.3934003865669764,-1.614693735707148,0.43893052863977744
9.33,21.66,-4.430433408744556,-2.988966289016361,0.8125061268971104
3.83,20.28,-1.6813709990566181,-1.134327225320858,0.30835002183403365
9.87,3.85,-1.8882615892664425,-1.2739047660714296,0.3462921048390631
5.98,9.58,-2.2294269391986,-1.5040699972912654,0.40885910710068163
9.7,21.07,-4.598905838956953,-3.1026252402015313,0.8434026259824225
8.4,11.77,-3.0785147192195232,-2.076902159916524,0.5645750291995885
4.21,6.91,-1.4521176963301654,-0.9796628098389192,0.2663067958351976
0.66,21.63,-0.091516366973724,-0.061740987966964124,0.016783371290662565
8.15,24.99,-3.8406345644842395,-2.591061908078091,0.7043417261744865
9.97,13.93,-3.7394621426283114,-2.5228065185018,0.6857875114855326
7.71,23.62,-3.6207095717092024,-2.442690782982401,0.6640092377694402
8.51,6.26,-2.121647135732249,-1.4313569759056561,0.3890931513593474
4.56,3.32,-0.9007549782827637,-0.6076891392695107,0.16519127389281912
9.55,15.19,-3.8253517132038297,-2.5807514208045172,0.7015389732254675
2.36,16.83,-0.9466215913763848,-0.6386327846604019,0.17360284466262907
6.22,9.02,-2.2049300550357747,-1.4875433159954603,0.40436657406025805
1.22,16.82,-0.37533294809476836,-0.2532162038138548,0.06883306706550196
5.25,19.33,-2.3911289302851424,-1.613161310856794,0.43851396168668266
5.25,21.32,-2.3911289302851424,-1.613161310856779,0.43851396168668266
5.56,14.07,-2.5460760842857346,-1.7176955126287274,0.46693003306296504
8.78,10.15,-2.8587895704187374,-1.9286658584028975,0.5242791905844224
7.58,15.55,-3.377241070777221,-2.278436166202374,0.619359057874338
7.07,5.4,-1.7140924242469484,-1.1564025456787348,0.31435087005702433
3.57,14.79,-1.5514153215077287,-1.0466533786734462,0.2845171877765055
3.98,10.99,-1.7563454284117435,-1.1849082906943804,0.32209973379029927
9.05,8.77,-2.6621001227019114,-1.7959704594673265,0.4882079156950397
5.19,19.61,-2.3611391585430916,-1.592928884707368,0.4330140769041762
4.03,15.59,-1.7813369048634515,-1.2017686458188919,0.3266829711090545
8.64,23.74,-4.085551033710987,-2.756293388298258,0.7492574518982885
1.56,23.17,-0.546757968149047,-0.36886710266833456,0.10027104756254533
4.97,6.53,-1.5422106546205223,-1.0404435033656807,0.28282912533386934
4.65,24.5,-2.0912312128646375,-1.410837049362723,0.3835151138616194
4.98,8.29,-1.8176157622199909,-1.226243967223911,0.333336223998678
6.37,6.08,-1.7105484702340223,-1.1540116375898362,0.3137009371761343
0.85,3.31,-0.15326174635945816,-0.10339715124936168,0.028106981066508618
1.37,3.88,-0.3618820271861979,-0.24414161777615717,0.06636627552563783
1.47,16.06,-0.5017733105359715,-0.3385184634442181,0.0920212203887862
1.9,8.71,-0.716700008020666,-0.4835175175149668,0.1314370613300811
8.98,11.9,-3.2043250866780295,-2.1617793970734795,0.5876476464711763
6.71,4.39,-1.469419621520949,-0.9913354536548348,0.2694798308247046
2.0,1.12,-0.04529653580520834,-0.03055904604361171,0.00830702314502794
1.77,7.04,-0.651722169246228,-0.43968059419124605,0.11952064430131713
1.85,2.31,-0.24157953188042677,-0.16298023472867657,0.04430375804732007
1.29,11.57,-0.4108100207348985,-0.2771506057947175,0.07533927903735667
2.14,9.17,-0.8366590949888663,-0.5644472221125909,0.15343660046010607
5.08,17.29,-2.306157910349331,-1.5558361034335184,0.4229309548029144
0.49,20.01,-0.005357761990550483,-0.003614583156291244,0.0009825707875862832
6.32,2.14,-0.9630043512187234,-0.6496853188872382,0.17660731206329297
8.75,23.03,-4.140532281904748,-2.7933861695721363,0.7593405739995495
0.7,6.99,-0.11178897991094207,-0.07541778909888515,0.020501206703151056
8.08,18.73,-3.805646497451847,-2.5674574109037827,0.6979251939282293
1.93,5.31,-0.681066981987244,-0.4594779024788149,0.12490224875059498
3.77,12.16,-1.6513812273145654,-1.1140947991714345,0.3028501370515273
6.22,9.29,-2.2527734342101366,-1.5198205751960052,0.41314066795226995
4.68,18.71,-2.1062260987356627,-1.42095326243742,0.3862650562528725
7.16,22.39,-3.345803330740405,-2.257226876612894,0.6135936272631328
5.17,13.35,-2.351142567962407,-1.5861847426576021,0.43118078197667403
1.16,11.24,-0.3449240286889425,-0.23270100211598133,0.06325631394676912
5.37,6.14,-1.54398263162698,-1.0416389574101637,0.28315409177431416
2.77,9.49,-1.1515516982803946,-0.7768876966813528,0.21118539067642234
2.19,8.25,-0.8616505714405751,-0.5813075772371024,0.15801983777886136
1.29,22.27,-0.41081002073489997,-0.27715060579472506,0.07533927903735697
5.98,17.01,-2.756004486480088,-1.859322495674555,0.5054292265405091
7.91,12.51,-3.0793351129629496,-2.077455633813239,0.5647254828643908
0.96,13.47,-0.2435609640028554,-0.16431699645636777,0.044667136884326546
5.91,18.66,-2.721016419447695,-1.8357179985002552,0.49901269429425166
4.37,3.28,-0.8599995071342313,-0.5801936962468336,0.1577170457625865
2.91,9.14,-1.221527832345191,-0.824096691029943,0.22401845516893912
6.49,14.31,-2.949157719632327,-1.9896322078952875,0.5408519879020556
3.63,24.66,-1.5814050932497807,-1.0668858048228405,0.29001707255901243
6.1,6.01,-1.6503012520144533,-1.1133662000780358,0.30265207820100753
1.11,3.91,-0.29673474714723996,-0.20019038188280255,0.05441878432131017
2.53,4.1,-0.6792578524755265,-0.4582573837114359,0.12457046883720778
1.95,7.2,-0.7416914844723741,-0.5003778726394736,0.13602029864883625
1.82,22.43,-0.676713645697932,-0.4565409493157575,0.12410388162007266
0.89,13.16,-0.20808389136272512,-0.14038259447550988,0.038160924912471604
4.16,24.56,-1.8463147436378942,-1.2456055691425938,0.33859938813781815
1.21,10.01,-0.3702647948604648,-0.24979700353088527,0.06790360821237987
9.7,21.65,-4.6153703344872055,-3.1137329169377366,0.8464220830558992
8.19,6.52,-2.111015273693508,-1.4241842516388463,0.38714335271667927
1.79,16.75,-0.6617187598269064,-0.44642473624106166,0.12135393922881942
9.3,13.96,-3.608806626221159,-2.434660529614053,0.6618263325669674
5.76,7.07,-1.7778835964794204,-1.1994388912795035,0.32604966191303963
7.72,4.76,-1.7097932381939192,-1.1535021246596329,0.3135624336476525
3.3,10.69,-1.4164613486685054,-0.9556074610011117,0.25976770625522777
5.13,6.14,-1.5014551834719903,-1.0129480603430157,0.2753548972036368
1.24,15.3,-0.3854692545633774,-0.26005460437981737,0.07069198477174614
2.96,14.57,-1.2465193087968873,-0.8409570461544669,0.2286016924876922
1.63,12.08,-0.5817460351814392,-0.3924715998426369,0.10668757980880271
5.37,1.39,-0.6580076767969887,-0.44392107552688953,0.12067335622010504
3.43,3.45,-0.7235572776369738,-0.48814373482304807,0.13269462984833022
0.73,24.75,-0.126993439613856,-0.08567538994781561,0.02328958326251788
3.29,20.27,-1.4114630533781638,-0.9522353899762073,0.2588510587914767
2.62,17.07,-1.076577268925269,-0.7263066313078518,0.1974356787201565
7.63,14.93,-3.31215237411195,-2.234524453243373,0.6074223103931835
4.77,10.35,-2.022895497856741,-1.3647347542483963,0.3709828891315914
3.55,23.25,-1.5414187309270493,-1.03990923662362,0.28268389284900436
8.32,24.13,-3.9256055844200493,-2.648387115501366,0.7199247330582546
1.33,18.3,-0.431082633672117,-0.29082740692664727,0.07905711444984544
9.39,4.61,-1.9577162775010934,-1.3207619700050024,0.3590295403281056
0.76,18.55,-0.14219789931676818,-0.09593299079676586,0.026077959821883764
5.79,21.06,-2.6610368759635947,-1.7952531462014394,0.48801292472923924
1.48,19.9,-0.5067716058263135,-0.34189053446912543,0.092937867852537
2.1,4.18,-0.5821822312841747,-0.39276587702191157,0.10676757469266704
1.73,20.38,-0.6317289880848559,-0.42619231009164116,0.11585405444631335
6.69,13.12,-2.8502729689292576,-1.9229201824383946,0.5227173138441275
3.65,21.94,-1.5914016838304614,-1.0736299468726371,0.2918503674865147
3.99,20.43,-1.7613437237020846,-1.1882803617192597,0.32301638125405024
4.45,9.49,-1.8351396420914217,-1.2380663514821106,0.3365499637051464
4.68,7.6,-1.6561457262618107,-1.1173091408449431,0.303723908131935
7.5,12.62,-2.9904640079007043,-2.0174992565038212,0.5484272314958737
2.4,22.5,-0.9666147725377499,-0.6521210687600041,0.17726943451763363
3.9,13.63,-1.7163590660890098,-1.1579317224951575,0.3147665540802909
9.07,15.64,-3.761514722243618,-2.5376841638639895,0.689831778580476
1.26,23.5,-0.39560556103198546,-0.2668930049457821,0.0725509024779905
6.31,8.44,-2.118103181719335,-1.4289660678167035,0.388443218478458
1.48,19.87,-0.5067716058263139,-0.34189053446912626,0.09293786785253708
6.24,13.38,-2.770163803802721,-1.868874997258132,0.5080259323288442
8.95,19.74,-4.240498187711577,-2.860827590070113,0.7776735232745712
1.6,7.86,-0.5667511493104138,-0.3823553867679438,0.10393763741754952
2.56,18.62,-1.046587497183219,-0.706074205158438,0.19193579393765023
7.65,21.93,-3.5907197999671485,-2.422458356833046,0.6585093529869338
3.49,20.55,-1.511428959184999,-1.0196768104742229,0.2771840080664979
1.2,21.18,-0.36519664162616056,-0.24637780324789896,0.06697414935925775
1.36,9.99,-0.44628709337503003,-0.30108500777558855,0.08184549100921182
7.99,3.83,-1.572091769346088,-1.0606026246870242,0.28830908328676796
2.37,18.08,-0.9516198866667218,-0.6420048556853166,0.1745194921263802
7.23,16.06,-3.353458662380318,-2.2623915018520098,0.614997553987001
6.97,13.61,-2.981702067964986,-2.0115880643747666,0.5468203616426389
2.59,8.71,-1.0615823830542432,-0.7161904182331308,0.19468573632890332
1.9,22.72,-0.716700008020666,-0.4835175175149668,0.1314370613300811
5.88,10.08,-2.2669781103516575,-1.5294036778445308,0.4157456921859702
4.67,23.69,-2.101227803445323,-1.4175811914125105,0.3853484087891219
1.62,14.7,-0.5767477398910974,-0.38909952881774607,0.10577093234505162
5.11,15.33,-2.3211527962203573,-1.565952316508202,0.4256808971941678
9.33,14.17,-3.6426026802589258,-2.4574608421120456,0.6680242591437273
7.0,23.07,-3.2658306060949376,-2.2032737402144558,0.5989272678431156
7.1,3.9,-1.4380140233626708,-0.9701478483979249,0.2637202947774852
5.81,15.21,-2.671033466544276,-1.801997288251242,0.489846219656741
4.3,18.44,-1.9162908777026768,-1.2928145634911987,0.3514324526303327
9.35,23.15,-4.440429999325243,-2.995710431066225,0.8143394218246122
4.56,2.92,-0.8237929978440495,-0.5557671840465319,0.15107706093090698
9.85,20.99,-4.626443364469202,-3.1212032726072083,0.8484527883783016
1.33,23.03,-0.4310826336721165,-0.29082740692663955,0.07905711444984553
8.71,13.02,-3.3434450167395027,-2.2556358537044563,0.613161131297591
5.95,10.04,-2.2794951674026858,-1.537848238028954,0.41804122054773357
0.64,8.45,-0.08138006050511594,-0.05490258740099241,0.01492445358441828
8.05,0.22,-0.8734681987770976,-0.5892802712076768,0.1601870963132882
3.4,10.01,-1.4664443015719228,-0.9893281712501104,0.26893418089273824
5.42,23.0,-2.476099950220948,-1.6704865182801043,0.45409696857044984
3.53,8.74,-1.5109478644699654,-1.0193522427057065,0.27709577913548383
7.4,11.36,-2.8077149749557875,-1.8942086778114011,0.5149125174141331
2.32,11.37,-0.9266284102150147,-0.6251445005608067,0.1699362548076251
1.49,4.49,-0.46827701211987993,-0.3159203793437124,0.08587826660062355
5.03,10.53,-2.1105148972138923,-1.4238466755393078,0.38705158766393294
9.16,9.12,-2.7436110649989813,-1.850961345512701,0.5031563719555051
5.85,15.84,-2.6910266477056446,-1.8154855723508387,0.49351280951174537
1.86,24.03,-0.696706826859299,-0.47002923341536584,0.1277704714750769
1.57,10.42,-0.5517562634393892,-0.3722391736932369,0.1011876950262965
0.94,24.92,-0.23342465753424663,-0.1574785958904115,0.04280821917808222
5.07,14.93,-2.3011596150589915,-1.5524640324085812,0.42201430733916373
0.76,18.77,-0.14219789931676824,-0.09593299079676616,0.026077959821883857
2.18,22.46,-0.8566522761502338,-0.5779355062121904,0.15710319031511039
2.13,4.85,-0.6735567477566307,-0.45441116636816015,0.12352493173353706
5.69,1.74,-0.7798553581129989,-0.5261249093842225,0.14301924848023018
7.78,11.39,-2.901317018573732,-1.9573567554700555,0.5320783851550998
5.29,11.07,-2.2431957019547193,-1.5133590134941182,0.411384188298621
4.07,14.04,-1.801330086024814,-1.2152569299185036,0.33034956096405854
1.64,4.63,-0.5233520631443738,-0.3530764441551468,0.09597859139238078
8.63,23.66,-4.08055273842065,-2.752921317273366,0.7483408044345371
3.8,6.84,-1.3407158885760726,-0.9045062241976416,0.24587659341550636
6.48,10.28,-2.4422169090659636,-1.6476275204263597,0.44788308925065284
7.19,16.51,-3.360798216611433,-2.267343089687597,0.6163435696543856
2.39,16.83,-0.9616164772474096,-0.6487489977351155,0.17635278705388252
8.02,4.55,-1.718399579996907,-1.1593083434079234,0.315140768045207
6.56,6.03,-1.7353561483244335,-1.170747994212334,0.31825046734236245
1.08,6.15,-0.30437880281450763,-0.2053473998521433,0.05582064312179206
7.25,21.41,-3.3907879883534857,-2.2875755158370032,0.6218434544368924
8.32,9.99,-2.748926996018349,-1.8545477076460686,0.5041312712768394
6.71,5.2,-1.6148617118852955,-1.0894571191887457,0.2961527493921097
3.0,22.42,-1.2665124899582543,-0.8544453302540828,0.23226828234269636
2.16,0.76,-0.0012079076214722279,-0.0008149078944964412,0.00022152061720076153
1.9,14.62,-0.7167000080206624,-0.4835175175149628,0.13143706133008048
4.27,22.33,-1.9012959918316514,-1.2826983504165057,0.3486825102390795
8.19,8.61,-2.481358468043204,-1.6740341469319528,0.45506133876966043
2.67,9.55,-1.1015687453769765,-0.7431669864323308,0.20201891603891153
5.94,6.77,-1.7566198724019244,-1.185093442745948,0.3221500646277004
6.28,10.29,-2.393400386566976,-1.6146937357071531,0.43893052863977716
5.57,10.96,-2.2995224586843133,-1.5513595343240143,0.4217140659265544
3.02,23.72,-1.2765090805389376,-0.8611894723038772,0.23410157727019865
7.66,3.59,-1.4701745637843688,-0.9918447710888983,0.26961828121045506
8.7,12.24,-3.21495694871677,-2.1689521213403147,0.5895974451138455
8.96,20.02,-4.24549648300192,-2.8641996610950207,0.7785901707383222
4.31,0.66,-0.3386670993702717,-0.22847980091939576,0.06210884304765839
2.76,13.59,-1.1465534029900535,-0.7735156256564546,0.2102687432126713
6.37,6.52,-1.7885154585181677,-1.2066116155462974,0.3279994605557087
1.48,20.89,-0.5067716058263135,-0.34189053446912504,0.09293786785253702
9.85,13.19,-3.587072120072936,-2.4199974706778717,0.6578403976072728
1.8,6.88,-0.6667170551172488,-0.44979680726595916,0.12227058669257061
1.27,14.46,-0.4006737142662907,-0.27031220522876587,0.07348036133111258
2.81,13.9,-1.1715448794417627,-0.7903759807809554,0.2148519805314266
6.55,20.76,-3.0409073180295656,-2.0515305440939215,0.557678131974319
1.46,22.51,-0.49677501524562956,-0.33514639241932526,0.0911045729250348
8.75,14.98,-3.59879298058034,-2.427904881466545,0.6599899098775567
6.05,16.66,-2.7909925535124738,-1.8829269928488561,0.5118457587867667
1.84,22.87,-0.686710236278615,-0.4632850913655668,0.1259371765475747
4.25,9.64,-1.8038469994638668,-1.2169549510210678,0.3308111428007386
5.24,1.27,-0.6128621294444606,-0.4134638929701026,0.11239402315222724
1.75,18.48,-0.6417255786655406,-0.4329364521414518,0.11768734937381545
0.92,15.12,-0.2232883510656383,-0.1506401953244573,0.04094930147183802
2.53,9.79,-1.0315926113121936,-0.6959579920837345,0.18918585154639708
2.96,8.96,-1.246519308796888,-0.8409570461544655,0.22860169248769227
7.22,7.5,-2.1127872506999625,-1.4253797056833284,0.3874683191571236
5.71,11.95,-2.458489083232288,-1.658605448666115,0.450867276120945
6.67,23.43,-3.1008868615136667,-2.091995396392735,0.5686779015393315
7.35,5.45,-1.772567665460046,-1.195852529146113,0.32507476259170454
5.99,1.38,-0.759018951642599,-0.5120677482041619,0.13919801783351657
5.01,14.96,-2.2711698433169385,-1.5322316062591788,0.41651442255665705
3.41,19.3,-1.4714425968622638,-0.9927002422750183,0.2698508283564892
1.16,1.97,-0.05906590021526319,-0.03984846814882062,0.010832214681496335
7.31,12.44,-2.920368488414981,-1.9702097194710888,0.535572272670001
6.92,10.93,-2.633727881946587,-1.7768292912479717,0.48300467318562773
2.54,20.5,-1.0365909066025343,-0.6993300631086289,0.19010249901014808
8.01,17.4,-3.7164533168599396,-2.5072837472000864,0.6815678764781289
2.79,14.8,-1.161548288861077,-0.7836318387311584,0.2130186856039246
3.67,2.38,-0.5699814088822025,-0.38453466271546155,0.10453004124160113
9.18,3.51,-1.7069244575929234,-1.151566718410186,0.3130363221818009
9.51,11.21,-3.175973454574705,-2.1426521323620773,0.5824481834240577
1.93,13.59,-0.7316948938916915,-0.4936337305896621,0.1341870037213342
8.74,18.33,-4.015610980379353,-2.7091087356077037,0.7364310043242653
8.08,16.5,-3.6213236832721716,-2.443105089798493,0.6641218609287304
6.95,21.24,-3.240839129643231,-2.186413385089962,0.5943440305243614
2.57,12.29,-1.051585792473561,-0.7094462761833218,0.19285244140140134
2.29,24.69,-0.9116335243439919,-0.6150282874861127,0.1671863124163718
9.45,1.08,-1.2747955060112433,-0.8600334191540645,0.23378732137823577
7.09,23.14,-3.3108152637080197,-2.2336223794385828,0.6071770950168759
1.89,14.24,-0.7117017127303242,-0.480145446490069,0.13052041386633004
9.16,0.95,-1.2011131411014329,-0.8103240375898693,0.22027456372898938
7.0,7.5,-2.0738037565578904,-1.3990797167050855,0.38031905746733635
9.25,24.28,-4.390447046421828,-2.9619897208172246,0.8051729471871021
9.45,11.91,-3.289379982988007,-2.2191611912077738,0.6032460356125308
8.63,21.13,-4.0805527384206375,-2.752921317273302,0.7483408044345362
3.26,20.74,-1.396468167507139,-0.9421191769014976,0.25610111640022365
2.38,3.1,-0.47548049673286813,-0.32078016859803027,0.0871993281860454
0.86,17.44,-0.192879431659812,-0.13012499362657232,0.03537254835310518
3.46,18.15,-1.4964340733139736,-1.009560597399521,0.2744340656752447
0.75,7.95,-0.13712974608246392,-0.09251379051378214,0.02514850096876173
5.44,19.79,-2.486096540801634,-1.6772306603299159,0.45593026349795235
3.26,15.68,-1.396468167507139,-0.9421191769014976,0.25610111640022365
8.87,15.43,-3.685160674232388,-2.4861723467390524,0.6758290555737215
2.41,0.71,-0.03291548268511804,-0.02220624012502324,0.00603643681872038
8.71,0.63,-1.0635626607062876,-0.7175264011040332,0.1950489034452553
8.76,13.27,-3.3872547164180795,-2.2851918143499086,0.6211954805637618
9.4,19.99,-4.388619280499789,-2.9607566291033254,0.8048377495048038
9.98,8.83,-2.8375258463412525,-1.9143204098692759,0.5203795932990837
7.7,10.11,-2.660328145695456,-1.7947750054228513,0.48788294925459513
4.85,15.72,-2.191197118671471,-1.4782784698607512,0.40184806313664023
8.75,24.6,-4.140532281904743,-2.793386169572124,0.7593405739995498
7.71,10.5,-2.73120722595377,-1.8425931672014482,0.5008816068723904
4.27,18.47,-1.901295991831653,-1.2826983504164795,0.3486825102390796
2.46,2.85,-0.44535688762308445,-0.30045744984209977,0.08167489869848236
3.61,7.25,-1.3444710056913802,-0.9070395922529447,0.24656525192403544
3.03,5.92,-1.0327962851209462,-0.6967700436609506,0.18940659571613608
9.88,10.75,-3.1600256615165803,-2.131893045961905,0.5795234854600536
3.9,17.02,-1.7163590660890093,-1.1579317224951569,0.3147665540802908
2.26,23.75,-0.8966386384729675,-0.604912074411415,0.1644363700251188
7.88,2.33,-1.259394683837468,-0.8496433434992846,0.2309629335089254
4.23,21.99,-1.8813028106702792,-1.2692100663169075,0.3450159203840745
9.45,11.74,-3.2592563738782263,-2.1988384724518752,0.5977216061249683
6.17,4.26,-1.352609114929527,-0.9125299206079956,0.24805771620626602
9.91,5.87,-2.2914007579327893,-1.5458802758596337,0.4202246108298105
9.43,16.28,-3.931746698137508,-2.652530182372049,0.721050964300453
6.12,12.87,-2.676285875920056,-1.8055407958750158,0.4908094696156216
2.38,4.5,-0.6923323333331622,-0.4670780066447846,0.1269682242761817
2.28,4.74,-0.6973391561535733,-0.4704558307185542,0.12788643562088695
7.82,8.82,-2.453006835939875,-1.6549068822205313,0.44986187572254255
0.67,24.23,-0.09658452020802917,-0.06516018824993484,0.01771283014378466
8.85,23.2,-4.190515234808159,-2.8271068798211476,0.7685070486370599
9.95,4.43,-2.0153938664263955,-1.3596738219671658,0.3696071497994418
4.02,18.98,-1.7763386095731046,-1.1983965747939749,0.32576632364530417
6.99,3.93,-1.4256329702425834,-0.961795042479347,0.2614497084511781
8.18,5.69,-1.9621692051510455,-1.3237661119037882,0.35984617171930866
2.32,13.47,-0.9266284102150183,-0.6251445005608136,0.16993625480762514
5.97,14.54,-2.7510061911897448,-1.85595042464968,0.5045125790767578
1.01,21.95,-0.26890173017437724,-0.18141299787126958,0.04931443114993715
2.73,3.32,-0.5764831861009688,-0.38892104913248476,0.10572241529140423
8.9,23.9,-4.215506711259869,-2.843967234945682,0.7730902859558153
8.64,20.26,-4.085551033710987,-2.756293388298258,0.7492574518982885
6.59,13.82,-2.9128582541843646,-1.9651429833604703,0.5341949556529425
0.96,10.27,-0.24356096400285487,-0.16431699645636794,0.04466713688432644
3.79,6.57,-1.3044164231281121,-0.8800169996628063,0.23921956116639387
7.26,12.45,-2.9091031370690623,-1.9626096153051507,0.533506297144414
0.9,5.58,-0.21315204459702883,-0.14380179475848942,0.03909038376559362
6.86,2.0,-1.0252115937245427,-0.6916530754538026,0.18801562384913129
8.53,12.43,-3.2185009027296916,-2.171343029429239,0.5902473779947351
4.86,14.85,-2.1961954139618127,-1.4816505408856637,0.40276471060039126
8.26,8.76,-2.52034196218528,-1.7003341359101614,0.46221060045944856
6.81,14.19,-3.014246416297641,-2.033543920854251,0.5527887353832236
2.74,21.98,-1.1365568124093666,-0.766771483606645,0.20843544828516913
7.99,16.5,-3.5987929805803383,-2.4279048814665942,0.6599899098775563
8.52,21.7,-4.0255714902268815,-2.715828535999386,0.7382576823332758
7.11,20.94,-3.3208118542886997,-2.2403665214883857,0.6090103899443774
7.0,17.04,-3.265830606094943,-2.2032737402144558,0.5989272678431162
6.22,18.84,-2.8759635734482893,-1.940252200272187,0.5274287656705343
1.67,22.03,-0.6017392163428061,-0.40595988394224375,0.1103541696638069
8.73,0.83,-1.1061414043631774,-0.7462519043850666,0.20285750520158044
8.28,3.31,-1.5181888917378923,-1.0242373598951289,0.2784237257441851
3.42,18.61,-1.4764408921526029,-0.9960723132999187,0.2707674758202402
1.69,20.47,-0.6117358069234894,-0.41270402599205064,0.11218746459130899
8.34,12.74,-3.2157710348190833,-2.1695013398234333,0.5897467420076079
6.21,24.53,-2.8709652781579473,-1.9368801292472941,0.5265121182067833
6.35,6.57,-1.7938313895375462,-1.210197977679653,0.32897435987704426
6.38,13.55,-2.826490560532318,-1.906875518088004,0.518355809956778
7.82,2.76,-1.3338319910106942,-0.8998620424976566,0.2446141415439219
7.63,13.58,-3.1431721039231584,-2.1205228907537674,0.5764326775093825
9.63,8.61,-2.7365231569731376,-1.8461795293349126,0.5018565061937243
6.36,23.31,-2.9459397075130727,-1.9874611946208238,0.540261830163049
1.11,23.44,-0.3195832625174209,-0.21560500070107513,0.05860901968115851
6.91,1.79,-0.9922961110394253,-0.6694468353287518,0.1819791870304111
3.08,17.73,-1.3064988522809904,-0.8814218984532871,0.23960146205270516
0.77,14.6,-0.14726605255107253,-0.09935219107974555,0.027007418675005973
3.52,15.56,-1.5264238450560244,-1.0297930235489259,0.279933950457751
0.55,21.8,-0.03576668139637676,-0.024129784854174555,0.006559323906319098
9.74,24.23,-4.635363515648572,-3.1272212010373313,0.8500886729109034
7.52,3.34,-1.3978510949487217,-0.9430521609059125,0.2563547342555608
7.61,0.71,-0.8965694320377521,-0.6048653846899315,0.16442367811725211
4.94,19.28,-2.236181776284547,-1.508627109084897,0.4100978903103998
6.86,11.2,-2.65250346752312,-1.789496131524557,0.4864479657282718
2.81,24.93,-1.1715448794417613,-0.7903759807809554,0.21485198053142646
4.32,11.34,-1.9262874682833613,-1.2995587055410218,0.35326574755783485
1.72,19.89,-0.6267306927945145,-0.4228202390667576,0.11493740698256213
6.97,5.6,-1.7318121943115181,-1.1683570861233965,0.3176005344614727
0.92,17.04,-0.22328835106563857,-0.15064019532445075,0.04094930147183807
6.58,6.9,-1.8930621018991851,-1.2771434041696959,0.3471724805419575
9.51,3.86,-1.8304330118884564,-1.234891050622449,0.33568680529057676
4.38,23.6,-1.9562772400254054,-1.3197911316904192,0.35876563234034
4.26,16.0,-1.8962976965413105,-1.2793262793915987,0.3477658627753285
4.04,6.93,-1.4120631137668949,-0.9526402172488121,0.2589611050775556
9.84,10.29,-3.0714268111936947,-2.072120343738682,0.5632751634378088
8.95,5.83,-2.123419112738711,-1.432552429950115,0.389418117799793
2.21,0.88,-0.03306647113780175,-0.022308103611840036,0.00606412689587034
6.55,9.28,-2.309476698416791,-1.5580751046188563,0.4235395940465071
8.66,11.88,-3.14407786845846,-2.1211339595617202,0.57659878749605
9.69,4.72,-2.0291338156206384,-1.3689433992670774,0.3721269468200996
8.7,19.44,-4.11554080545303,-2.7765258144476563,0.7547573366807935
7.73,21.14,-3.630706162289888,-2.4494349250322456,0.6658425326969428
7.63,15.69,-3.4072820076997146,-2.298703110644948,0.6248683259425828
9.22,15.45,-3.7752834849997314,-2.546973180066874,0.6923568597784123
7.99,12.09,-3.046790764630293,-2.0554997773337402,0.5587571091238069
1.26,3.22,-0.25173192513720916,-0.16982948815328539,0.04616562594212315
6.89,10.81,-2.6111971792547433,-1.761629082916015,0.4788727221344534
2.09,12.34,-0.8116676185371577,-0.5475868669880838,0.14885336314135122
0.74,14.59,-0.13206159284815944,-0.08909459023080504,0.02421904211563958
2.76,19.96,-1.1465534029900535,-0.773515625656445,0.21026874321267125
3.17,11.43,-1.3514835098940634,-0.9117705376773907,0.24785128922646413
3.99,12.05,-1.7613437237020857,-1.1882803617192765,0.3230163812540502
6.04,7.36,-1.8788862858475206,-1.2675797718139923,0.34457274901839813
6.98,21.52,-3.2558340155142553,-2.1965295981646413,0.5970939729156134
7.82,1.09,-1.0060360602336689,-0.6787164126286407,0.18449898405106904
4.86,2.71,-0.83239933964704,-0.5615734027947965,0.1526553953284625
2.5,24.67,-1.0165977254411664,-0.685841779009016,0.18643590915514333
1.51,12.52,-0.5217664916973388,-0.3520067475438277,0.09568781024379015
6.22,17.59,-2.8759635734482893,-1.940252200272187,0.5274287656705343
5.64,0.34,-0.4967520093304463,-0.3351308716116373,0.09110035382380546
3.33,12.99,-1.4314562345395048,-0.9657236740758033,0.26251764864647614
0.97,8.83,-0.24862911723715989,-0.1677361967393566,0.04559659573744865
4.03,3.4,-0.8210160129921588,-0.5538937072686057,0.15056778407279897
5.72,17.27,-2.6260488089312037,-1.7716486490271104,0.4815963924829821
8.03,5.08,-1.8240914968757276,-1.2306127841763352,0.3345238220502729
1.76,2.7,-0.2947388420741634,-0.19884385606261296,0.05405275126066668
6.4,17.69,-2.965932888674439,-2.000949478720434,0.543928420018053
0.61,13.58,-0.06617560080220272,-0.04464498655205737,0.012136077025051878
7.12,21.79,-3.3258101495790426,-2.243738592513276,0.6099270374081287
7.17,20.06,-3.3508016260307496,-2.260598947637772,0.6145102747268836
3.46,20.39,-1.4964340733139736,-1.0095605973995299,0.2744340656752447
0.89,22.38,-0.20808389136272512,-0.14038259447550988,0.038160924912471604
5.52,20.45,-2.5260829031243683,-1.7042072285291243,0.4632634432079609
4.58,16.13,-2.0562431458322457,-1.3872325521884354,0.37709858161536214
5.31,18.32,-2.421118702027192,-1.6333937370061975,0.4440138464691887
2.55,4.07,-0.6774858754690688,-0.45706192966697223,0.12424550239676294
8.73,5.56,-2.0345693999172627,-1.372610484792316,0.3731237895975028
9.76,8.49,-2.738295133979602,-1.8473749833793356,0.5021814726341701
1.9,19.76,-0.7167000080206669,-0.4835175175149806,0.1314370613300809
6.62,12.51,-2.756395041046598,-1.859585981055294,0.5055008511309049
5.6,18.01,-2.566069265447101,-1.7311837967283126,0.4705966229179694
2.36,24.91,-0.9466215913763845,-0.6386327846604057,0.17360284466262924
9.75,16.29,-4.013107568969149,-2.707419823570817,0.7359718986519128
2.08,17.04,-0.8066693232468133,-0.544214795963178,0.14793671567759986
2.65,11.62,-1.0915721547962935,-0.7364228443825459,0.20018562111140956
8.7,18.21,-3.99057686627731,-2.692219615238846,0.7318399476007392
7.45,10.69,-2.7188033869085557,-1.8342249888902054,0.4986068417892762
3.52,9.34,-1.5264238450560237,-1.0297930235489126,0.2799339504577509
9.88,1.1,-1.3501387439005683,-0.9108632990732796,0.24760466987613133
8.68,14.51,-3.5224389325691106,-2.3763930643416193,0.6459871868708025
4.44,18.16,-1.9862670117674612,-1.3400235578398068,0.36426551712284794
4.92,21.85,-2.2261851857038666,-1.5018829670350538,0.40826459538289817
9.02,10.6,-2.9810559838643362,-2.0111521874709424,0.5467018749751205
2.84,14.85,-1.1865397653127858,-0.800492193855646,0.2176019229226794
9.13,5.35,-2.0597844715154934,-1.3896216870899274,0.377748032481568
6.27,15.83,-2.9009550498999945,-1.957112555396712,0.5320120029892892
7.36,3.38,-1.3791285268159013,-0.9304210885412316,0.2529211646889491
7.19,22.73,-3.360798216611439,-2.267343089687579,0.6163435696543855
1.88,6.01,-0.7067034174399819,-0.4767733754651714,0.12960376640257887
9.72,4.61,-2.0125250858253962,-1.3577384157177925,0.3690810383335896
8.56,12.36,-3.2114129947038625,-2.166561213251364,0.5889475122329557
2.55,21.78,-1.0415892018928765,-0.7027021341335178,0.1910191464738991
4.51,12.92,-2.021255078799856,-1.3636280550141286,0.37068204936910515
3.66,14.86,-1.5963999791208079,-1.0770020178975481,0.29276701495026564
1.72,9.84,-0.6267306927945145,-0.4228202390667576,0.11493740698256213
9.7,6.53,-2.380355778675106,-1.6058932663975305,0.4365382516643021
6.6,8.2,-2.1269630667516175,-1.4349433380390193,0.3900680506806813
7.76,3.36,-1.4416377462270873,-0.9725925720814396,0.26438485662908745
9.7,11.4,-3.2433085808201003,-2.188079386051731,0.5947969081609636
2.44,1.93,-0.27736578758055735,-0.18712322527373937,0.05086667172472077
1.78,13.04,-0.656720464536564,-0.4430526652161568,0.12043729176506827
3.44,20.74,-1.4864374827332898,-1.0028164553497299,0.27260077074774247
4.37,6.29,-1.3933645860780581,-0.9400253636306858,0.25553194433649834
6.21,17.7,-2.870965278157946,-1.9368801292472726,0.5265121182067831
1.75,4.27,-0.5058281832729438,-0.34125405989696667,0.09276485168591256
6.67,11.92,-2.695061461496601,-1.8182076361516193,0.4942527621582676
8.46,20.16,-3.995581718484831,-2.6955961098500305,0.7327577975507701
5.9,21.72,-2.716018124157353,-1.8323459274753595,0.4980960468305006
2.14,2.89,-0.39574153144226404,-0.26698473659708816,0.07257583836602556
2.77,1.52,-0.25169775062427285,-0.16980643251568156,0.04615935860920499
5.36,23.42,-2.4461101784788983,-1.650254092130714,0.4485970837879474
0.49,3.14,-0.005357761990550483,-0.003614583156291244,0.0009825707875862832
4.58,23.35,-2.0562431458322457,-1.3872325521884337,0.37709858161536214
3.23,12.73,-1.3814732816361133,-0.9320029638268185,0.25335117400897034
0.51,3.79,-0.015494068459159075,-0.0104529837222581,0.0028414884938305234
9.87,24.13,-4.700341354423018,-3.1710581243610587,0.8620050899396677
6.43,21.71,-2.9809277745454645,-2.0110656917951206,0.5466783624093062
4.6,12.94,-2.066239736412929,-1.393976694238231,0.37893187654286414
4.94,16.7,-2.236181776284547,-1.5086271090848584,0.4100978903103998
3.15,17.65,-1.341486919313409,-0.9050263956276096,0.24601799429896737
2.1,16.87,-0.8166659138274999,-0.5509589380129873,0.14977001060510198
9.7,2.44,-1.5832649148447047,-1.068140522711185,0.29035814899587464
6.76,11.15,-2.6212108248955674,-1.768384731063551,0.48070914482386434
8.69,4.51,-1.8218266700854733,-1.2290848318741294,0.33410847089302187
6.96,20.97,-3.2458374249335744,-2.189785456114892,0.5952606779881119
9.45,17.11,-4.040645094481398,-2.725997855976471,0.7410220610477919
5.02,15.48,-2.276168138607286,-1.5356036772840276,0.4174310700204088
8.7,14.31,-3.502411641287475,-2.3628817680465546,0.6423143414919814
6.93,16.95,-3.2308425390625475,-2.1796692430401667,0.5925107355968581
2.24,16.51,-0.8866420478922845,-0.5981679323616058,0.1626030750976168
4.0,16.32,-1.7663420189924262,-1.1916524327441664,0.3239330287178012
1.16,16.48,-0.3449240286889425,-0.23270100211598133,0.06325631394676912
9.99,1.3,-1.4076653443731821,-0.9496732875487053,0.25815458927031665
9.77,10.23,-3.0483911101097334,-2.0565794411606193,0.5590505997120258
8.72,19.58,-4.1255373960337165,-2.7832699564974543,0.7565906316082962
5.71,18.49,-2.6210505136408613,-1.7682765780022296,0.48067974501923094
8.8,10.16,-2.8641055014381105,-1.9322522205362844,0.5252540899057568
3.34,16.72,-1.436454529829873,-0.9690957451006985,0.26343429611023206
8.1,19.08,-3.815643088032531,-2.5742015529535616,0.6997584888557314
8.0,10.95,-2.8623335244316537,-1.931056766491845,0.5249291234653123
8.2,3.09,-1.4617192104340622,-0.9861404158274274,0.26806763689004964
5.49,0.24,-0.4522104157886614,-0.305081143002071,0.0829317810645286
3.31,9.22,-1.421459643958848,-0.9589795320260135,0.2606843537189789
4.02,17.42,-1.7763386095731095,-1.1983965747939667,0.3257663236453034
3.95,11.27,-1.7413505425407185,-1.1747920776196827,0.3193497913990462
2.45,9.39,-0.9916062489894606,-0.6689814238845126,0.1818526718363888
2.35,1.92,-0.2604550808799463,-0.17571451475079078,0.04776538308391036
6.07,16.74,-2.8009891440931622,-1.88967113489868,0.5136790537142683
6.23,11.64,-2.549863599704744,-1.7202507380123746,0.467624633161815
3.86,21.6,-1.6963658849276406,-1.1444434383955422,0.3110999642252869
5.24,12.03,-2.3508423925935027,-1.5859822310801026,0.4311257322097828
3.86,10.03,-1.6963658849276415,-1.1444434383955608,0.31109996422528646
5.84,13.39,-2.6712790530996524,-1.8021629718011904,0.48989125827091645
6.12,19.15,-2.8259806205448683,-1.9065314900231671,0.5182622910330237
8.15,17.98,-3.8241000074987253,-2.5799069647860784,0.7013094203892912
9.56,0.55,-1.1890340648867117,-0.8021749586448496,0.21805935755698203
6.51,22.46,-3.0209141368681753,-2.038042259994346,0.5540115421193053
2.51,23.18,-1.0215960207315102,-0.6892138500339356,0.187352556618895
0.7,23.37,-0.11178897991094207,-0.07541778909888515,0.020501206703151056
3.58,2.63,-0.6041047991887926,-0.40755581073498864,0.11078799867752218
4.91,6.49,-1.5244908845559437,-1.028488962921048,0.27957946092942043
2.92,7.75,-1.2265261276355208,-0.8274687620548579,0.22493510263268804
8.05,13.53,-3.2420568546262283,-2.187234916210633,0.5945673515673102
3.18,15.3,-1.3564818051844056,-0.9151426087022961,0.24876793669021532
7.19,6.89,-1.9993807222866578,-1.348870646837574,0.3666704669686507
4.19,3.13,-0.8015242659211214,-0.5407437127794972,0.14699315322790524
1.89,17.06,-0.7117017127303252,-0.48014544649005136,0.1305204138663302
1.9,13.18,-0.716700008020666,-0.4835175175149668,0.1314370613300811
7.12,2.76,-1.2175708824439897,-0.8214271576523275,0.2232927821383491
5.72,6.49,-1.6680210220790321,-1.1253207405226897,0.30590174260545633
9.63,12.14,-3.362031040252781,-2.2681748070308796,0.6165696596707714
8.08,13.8,-3.283363142894602,-2.2151019648192123,0.6021425951611288
0.53,15.87,-0.025630374927768273,-0.017291384288213796,0.004700406200074823
9.52,15.08,-3.804072716217094,-2.5663956684910234,0.6976365750104707
8.21,22.12,-3.8706243362262973,-2.611294334227462,0.7098416109569935
2.36,5.38,-0.7974756125617434,-0.5380123121938885,0.14625066251499114
6.15,10.33,-2.365862861054729,-1.5961157033013988,0.4338803662438988
8.41,22.51,-3.9705902420331185,-2.678735754725479,0.7281745602320143
3.6,6.0,-1.185504381143407,-0.7997936779108408,0.21741204172964484
7.83,6.94,-2.121647135732253,-1.4313569759055962,0.3890931513593482
8.24,10.65,-2.851701662392908,-1.9238840422250332,0.5229793248226431
6.71,2.48,-1.0945152935065108,-0.7384084159005294,0.20072536926102386
6.28,11.35,-2.5260811913078025,-1.7042060736619793,0.46326312927446556
5.91,4.28,-1.3100816667745436,-0.8838390235408468,0.24025852163558836
7.4,21.58,-3.46576241770861,-2.338156581210527,0.635593166393158
2.25,2.48,-0.3425822212485267,-0.2311211152631519,0.06282684515267876
6.11,13.71,-2.778925743738437,-1.8747861893872175,0.5096328021820785
2.4,9.83,-0.9666147725377521,-0.6521210687600041,0.17726943451763358
5.99,12.47,-2.59367329938332,-1.7498066986578344,0.47565898242798565
9.88,3.5,-1.8212227162747279,-1.228677377926914,0.33399771058441996
6.98,10.17,-2.543377663269234,-1.7158750384882122,0.46643516418523184
4.34,17.97,-1.936284058864045,-1.306302847590808,0.3550990424853367
6.96,24.78,-3.2458374249335766,-2.189785456114856,0.595260677988112
1.37,2.69,-0.21292904827904197,-0.14365135158159198,0.03904948802065764
7.27,14.5,-3.168206218025199,-2.137412011122614,0.5810237342329085
2.81,2.08,-0.3682608360963404,-0.2484450443345854,0.0675360981690767
0.95,22.37,-0.23849281076855286,-0.16089779617338767,0.04373767803120471
2.0,8.15,-0.7666829609240823,-0.5172382277639763,0.14060353596759143
2.34,8.94,-0.9366250007957009,-0.6318886426106104,0.17176954973512712
0.79,13.02,-0.1574023590196812,-0.10619059164570896,0.02886633638125023
0.77,20.03,-0.14726605255107258,-0.09935219107974304,0.027007418675005983
2.41,13.55,-0.9716130678280941,-0.6554931397849171,0.17818608198138466
8.81,16.31,-3.7802903078201475,-2.550351004140646,0.6932750711231199
5.38,8.18,-1.9039834558720343,-1.2845114324963822,0.34917536969484275
3.4,16.77,-1.4664443015719255,-0.989328171250127,0.2689341808927385
9.94,16.58,-4.096971851210988,-2.763998376806425,0.7513519386757243
5.62,18.29,-2.5760658560277876,-1.7379279387781283,0.47242991784547134
4.71,1.6,-0.5896099077311253,-0.397776916001025,0.10812975127111309
5.67,23.94,-2.601057332479493,-1.7547882939026356,0.47701315516422715
1.84,17.28,-0.686710236278615,-0.4632850913655668,0.1259371765475747
2.09,13.44,-0.8116676185371583,-0.5475868669880875,0.14885336314135098
1.06,11.31,-0.2942424963458989,-0.19850899928618043,0.05396172541554779
7.59,8.75,-2.3998475257461425,-1.6190432608865868,0.44011288250919584
6.68,19.91,-3.1058851568040073,-2.095367467417663,0.5695945490030826
9.28,5.94,-2.2005057094170017,-1.4845584567987788,0.4035551843854538
4.05,3.9,-0.9131588173279689,-0.6160573175807642,0.16746603897593332
9.93,23.18,-4.730331126165064,-3.191290550510476,0.867504974722173
5.45,21.07,-2.491094836091975,-1.680602731354825,0.4568469109617033
5.26,15.63,-2.3961272255754813,-1.6165333818817045,0.43943060915043325
0.98,18.91,-0.253697270471464,-0.17115539702233834,0.04652605459057073
1.36,20.67,-0.44628709337503003,-0.30108500777558855,0.08184549100921182
7.84,17.75,-3.685687410483645,-2.486527706306148,0.6759256547982039
2.7,9.07,-1.116563631248004,-0.7532831995070489,0.20476885843016496
0.97,23.43,-0.24862911723715989,-0.1677361967393566,0.04559659573744865
5.58,7.71,-1.8593945387764848,-1.2544297773248705,0.34099811817350445
4.03,11.24,-1.781336904863452,-1.2017686458188845,0.32668297110905453
6.05,12.94,-2.667523935984344,-1.7996296037458872,0.4892025997623872
9.2,12.47,-3.344311270188206,-2.256220266586143,0.6133199952663227
9.92,21.3,-4.682770121198792,-3.159203793437135,0.8587826660062344
2.16,23.27,-0.8466556855695496,-0.5711913641623773,0.15526989538760821
1.25,20.45,-0.3905374077976822,-0.26347380466280285,0.07162144362486839
3.87,21.96,-1.7013641802179844,-1.1478155094204536,0.3120166116890377
8.69,20.17,-4.110542510162691,-2.773153743422756,0.7538406892170433
7.92,7.69,-2.2704932042747132,-1.5317751156406874,0.41639033235671846
0.9,10.13,-0.21315204459702922,-0.14380179475848626,0.039090383765593824
1.82,17.4,-0.6767136456979318,-0.4565409493157616,0.12410388162007262
3.53,24.39,-1.5314221403463653,-1.0331650945738322,0.28085059792150197
6.45,20.58,-2.9909243651261477,-2.017809833844926,0.5485116573368084
1.41,21.56,-0.4716278595465523,-0.3181810091904963,0.08649278527482254
9.24,12.23,-3.308871730059043,-2.232311185696915,0.6068206664574245
6.1,19.14,-2.815984029964186,-1.8997873479733758,0.5164289961055213
1.83,12.61,-0.6817119409882736,-0.45991302034065984,0.1250205290838237
4.05,3.74,-0.8848071852246425,-0.5969300528693253,0.1622665759288151
3.74,1.8,-0.4677622264151153,-0.3155730821437179,0.08578385901098802
9.63,13.78,-3.6526352693118738,-2.4642292703230844,0.6698641559037328
9.66,10.87,-3.1423058914520015,-2.1199385055172337,0.576273821055605
3.19,12.7,-1.361480100474746,-0.9185146797271974,0.2496845841539661
4.45,2.73,-0.768229247256328,-0.51828142089968,0.1408871125396729
6.44,5.48,-1.6166336888917536,-1.090652573233218,0.29647771583255467
6.23,16.29,-2.88096186873863,-1.9436242712971066,0.5283454131342853
1.61,1.63,-0.0785576472863001,-0.05299846263792297,0.014406845526390136
7.83,11.55,-2.938528535709343,-1.9824612904038112,0.5389026804044424
0.68,24.87,-0.101652673442333,-0.0685793885329172,0.0186422889969068
0.67,17.41,-0.09658452020802893,-0.06516018824994062,0.017712830143784653
9.84,6.06,-2.317068794889075,-1.563197068617666,0.4249319239453264
1.51,3.12,-0.3018001533412952,-0.20360772889095508,0.055347739389175324
3.1,2.62,-0.5180079448878587,-0.3494710656651422,0.094998522756723
6.95,1.65,-0.9714597045690282,-0.65538967414871,0.178157956383698
5.14,24.92,-2.3361476820913696,-1.5760685295828925,0.42843083958541855
8.16,15.42,-3.5061667584027796,-2.365415136101893,0.64300300000051
3.13,15.64,-1.3314903287326965,-0.898282253577776,0.24418469937146026
5.32,10.71,-2.2056445308016555,-1.4880253329408533,0.404497603213332
1.39,22.18,-0.46149155307794254,-0.31134260862452845,0.08463386756857828
4.55,4.95,-1.1878152533289428,-0.8013526944727849,0.2178358372448913
3.74,10.41,-1.6363863414435427,-1.1039785860967517,0.3001001946602737
8.29,18.37,-3.9079642897405686,-2.6364855180216766,0.7166894604131032
7.72,0.37,-0.8481021387261863,-0.572167205423238,0.15553516335207232
4.22,12.09,-1.8763045153799398,-1.2658379952920042,0.34409927292032355
7.63,3.51,-1.4494891457666546,-0.9778894733956645,0.2658247406408924
5.4,5.46,-1.4288041262072166,-0.963934444519962,0.2620312731453965
9.76,20.06,-4.487504031202847,-3.027468654560441,0.822972423562729
9.6,12.25,-3.3762068563044494,-2.27773843938656,0.6191693911943301
1.19,13.74,-0.3601284883918559,-0.24295860296492303,0.0660446905061356
4.6,21.12,-2.06623973641293,-1.393976694238243,0.3789318765428644
1.07,12.26,-0.2993106495802036,-0.20192819956915758,0.05489118426866999
1.59,8.18,-0.5617528540200722,-0.3789833157430369,0.10302098995379849
7.4,11.95,-2.881565611556813,-1.9440315828994366,0.5284561347485354
3.82,9.92,-1.6763727037662786,-1.1309551542959566,0.30743337437028306
4.65,19.65,-2.0912312128646398,-1.4108370493627422,0.3835151138616198
8.93,23.89,-4.230501597130896,-2.854083448020365,0.7758402283470689
7.89,7.95,-2.3112486754232484,-1.5592705586633615,0.4238645604869514
6.91,11.0,-2.6399864104721,-1.7810515713401491,0.484152437366509
2.62,21.04,-1.0765772689252653,-0.7263066313078299,0.19743567872015638
0.48,22.55,-0.00028960875624604973,-0.00019538287331298957,5.3111934464137655e-05
4.67,15.97,-2.101227803445321,-1.4175811914125342,0.3853484087891215
6.63,22.39,-3.0808936803522986,-2.078507112293131,0.5650113116843273
6.4,15.39,-2.9659328886744403,-2.0009494787203916,0.5439284200180533
0.76,13.01,-0.14219789931676824,-0.09593299079676616,0.026077959821883857
1.59,18.46,-0.5617528540200722,-0.3789833157430369,0.10302098995379849
5.17,17.04,-2.351142567962407,-1.5861847426576021,0.43118078197667403
7.19,1.89,-1.0584290533150271,-0.7140630425524546,0.19410744082215148
9.57,18.46,-4.239666301592595,-2.860266362908753,0.7775209619998082
3.6,7.48,-1.3707568254985274,-0.9247731686402156,0.25138586148373787
3.56,19.39,-1.5464170262173906,-1.0432813076485195,0.2836005403127552
6.65,4.71,-1.5174029765301118,-1.023707146743182,0.27827959516764084
1.82,2.55,-0.27879104901604185,-0.18808476966243054,0.05112805329666261
6.64,19.13,-3.085891975642638,-2.0818791833180117,0.5659279591480778
2.72,0.62,-0.06673689608633877,-0.04502366117093628,0.012239014100340886
0.91,24.2,-0.2182201978313346,-0.14722099504147024,0.040019842618715926
3.02,19.25,-1.2765090805389385,-0.8611894723038785,0.23410157727019854
6.28,9.61,-2.3082843986200303,-1.5572707264531052,0.4233209357797887
2.14,3.12,-0.43649700259079643,-0.29448017961977063,0.08005006649625772
6.19,19.39,-2.8609686875772624,-1.9301359871974695,0.5246788232792808
6.47,13.3,-2.8177286205966032,-1.9009643259588989,0.5167489401035439
0.52,24.22,-0.020562221693463646,-0.013872184005230234,0.003770947346952783
8.01,7.39,-2.2332816871391024,-1.5066705807068912,0.4095660371073766
9.8,15.09,-3.875419941407913,-2.6145296615421882,0.7107210866725194
5.87,18.73,-2.701023238286327,-1.8222297144006552,0.49534610443924776
8.14,16.45,-3.630085623207894,-2.4490162819275976,0.6657287307819643
1.37,8.52,-0.4513552466093324,-0.3045042080585614,0.08277494986233386
9.29,5.69,-2.153095335274223,-1.4525733219398018,0.3948605001603257
3.78,10.86,-1.656379522604909,-1.117466870196367,0.3037667845152783
4.45,15.36,-1.9912653070578037,-1.3433956288647102,0.3651821645865986
9.44,6.09,-2.2563173882230556,-1.5222114832849278,0.4137906008331603
1.3,5.02,-0.4158781739692042,-0.28056980607771115,0.07626873789047904
8.88,16.18,-3.781542013525253,-2.551195460159062,0.6935046239592968
2.93,20.42,-1.2315244229258586,-0.8308408330797683,0.22585175009643896
8.63,21.18,-4.080552738420643,-2.7529213172733145,0.7483408044345372
9.2,6.38,-2.2651772732553446,-1.5281887535072385,0.4154154330353847
7.57,11.57,-2.876558788736391,-1.9406537588256627,0.5275379234038278
8.44,18.24,-3.929243286727304,-2.650841270335214,0.7205918586281006
7.79,16.44,-3.541214518145634,-2.389059904618216,0.6494304794134467
1.86,13.67,-0.6967068268592989,-0.4700292334153542,0.127770471475077
9.85,23.44,-4.690344763842331,-3.164313982311257,0.8601717950121648
0.53,4.2,-0.02563037492776776,-0.0172913842882146,0.004700406200074781
1.4,18.18,-0.46655970631224764,-0.31476180890750816,0.08556332642170036
8.2,5.42,-1.9178697799895958,-1.2938797607922023,0.351722010708186
5.11,21.03,-2.321152796220357,-1.5659523165081852,0.4256808971941677
7.35,13.6,-3.075579995847643,-2.0749222657579245,0.5640368243558619
5.94,12.76,-2.617455707780261,-1.7658513630082193,0.48002048631533567
3.05,14.17,-1.2915039664099641,-0.8713056853785736,0.2368515196614517
6.92,21.85,-3.2258442437722086,-2.176297172015265,0.5915940881331077
6.4,19.05,-2.9659328886744403,-2.0009494787203916,0.5439284200180533
1.68,11.59,-0.6067375116331479,-0.40933195496714836,0.11127081712755799
7.29,24.8,-3.4107811695148507,-2.3010637999365997,0.6255100442918964
1.08,10.1,-0.30437880281450774,-0.2053473998521415,0.05582064312179208
8.02,5.18,-1.8420591227451275,-1.242734539106979,0.3378189412311341
5.6,18.35,-2.566069265447102,-1.7311837967283228,0.4705966229179694
6.2,4.78,-1.4500678502847104,-0.9782798930535551,0.2659308704307349
3.62,19.62,-1.5764067979594454,-1.0635137337979101,0.28910042509526224
5.59,0.23,-0.4668562956990109,-0.31496190122282,0.08561771854808742
7.63,0.98,-0.9528881248888967,-0.6428604652708032,0.1747520768942373
7.48,5.14,-1.7406720793438073,-1.1743343563457347,0.3192253666636971
9.58,9.26,-2.842841777360618,-1.9179067720027012,0.5213544926204186
3.34,3.81,-0.7714006568113367,-0.5204209940235993,0.14146872374034203
3.13,21.93,-1.3314903287326982,-0.8982822535778006,0.24418469937146065
9.96,9.27,-2.9119488806124783,-1.964529479736797,0.5340281837977697
4.54,18.08,-2.0362499646708794,-1.3737442680887981,0.3734319917603577
8.87,14.87,-3.615065154746668,-2.4388828097063127,0.6629740967478486
3.98,10.37,-1.756345428411741,-1.184908290694367,0.32209973379029966
6.99,0.18,-0.6895642634079455,-0.4652105442706181,0.1264605823444736
6.23,8.95,-2.194298192997028,-1.4803705917286725,0.40241677541758886
7.96,2.42,-1.2903473166376935,-0.8705253582957473,0.23663939932469444
5.92,12.08,-2.527332897012908,-1.705050529680424,0.4634926821106415
6.46,1.71,-0.9018540278816928,-0.6084306067283267,0.16539283081750503
5.84,14.08,-2.686028352415298,-1.8121135013259495,0.4925961620479935
5.65,15.13,-2.5910607418988105,-1.7480441518528527,0.4751798602367244
6.8,20.14,-3.165864700288108,-2.135832319716447,0.5805943185680951
2.77,20.64,-1.1515516982803942,-0.7768876966813633,0.2111853906764221
5.03,2.02,-0.725197538241382,-0.48925032715824734,0.13299544055189666
0.68,8.42,-0.1016526734423333,-0.06857938853291957,0.01864228899690684
7.87,17.72,-3.7006822963546724,-2.496643919380851,0.6786755971894575
7.91,12.98,-3.1381652811027507,-2.1171450666800022,0.575514466164677
4.46,3.77,-0.9627741735087908,-0.6495300308257745,0.17656509930839004
3.35,10.91,-1.4414528251202146,-0.9724678161255875,0.2643509435739831
0.98,5.59,-0.253697270471464,-0.17115539702233834,0.04652605459057073
6.02,18.42,-2.775997667641453,-1.8728107797741684,0.5090958163955132
9.98,23.33,-4.755322602616776,-3.2081509056349087,0.8720882120409289
6.46,10.59,-2.4760129631037153,-1.670427832924317,0.45408101582741284
6.4,19.66,-2.9659328886744274,-2.0009494787203916,0.543928420018053
1.27,10.31,-0.40067371426629034,-0.27031220522877086,0.07348036133111252
8.41,9.66,-2.7063995478633593,-1.8258568105789545,0.4963320767061619
5.76,14.74,-2.6460419900925713,-1.7851369331267477,0.48526298233798626
1.93,9.12,-0.7316948938916908,-0.49363373058967364,0.1341870037213342
3.41,0.75,-0.2068541801771162,-0.1395529769325003,0.03793540569562736
2.8,13.0,-1.1665465841514207,-0.7870039097560567,0.2139353330676755
3.06,23.52,-1.296502261700305,-0.8746777564034839,0.23776816712520274
2.67,10.8,-1.101568745376978,-0.7431669864323449,0.20201891603891184
8.74,21.06,-4.135533986614401,-2.790014098547272,0.7584239265357987
1.94,20.09,-0.7366931891820321,-0.4970058016145713,0.13510365118508516
4.64,12.13,-2.0862329175742973,-1.4074649783378446,0.38259846639786865
1.42,2.11,-0.12994498047357955,-0.0876666299273888,0.023830872299292025
7.31,12.46,-2.922871899825183,-1.9718986315080163,0.5360313783423533
4.42,18.26,-1.9762704211867799,-1.3332794157900012,0.362432222195346
7.68,4.06,-1.5657502543333586,-1.0563243582409272,0.28714610004646407
6.14,3.47,-1.194167672277969,-0.8056383171964723,0.21900082018008538
7.54,16.46,-3.481132644300739,-2.3485260157330434,0.6384119432769841
9.57,1.82,-1.4399768732475635,-0.9714720737264905,0.2640802657804376
0.66,7.13,-0.09151636697372378,-0.06174098796695944,0.016783371290662517
